X,u (1) @ t=0.01,u (1) @ t=0.02,u (1) @ t=0.03,u (1) @ t=0.04,u (1) @ t=0.05,u (1) @ t=0.06,u (1) @ t=0.07,u (1) @ t=0.08,u (1) @ t=0.09,u (1) @ t=0.1,u (1) @ t=0.11,u (1) @ t=0.12,u (1) @ t=0.13,u (1) @ t=0.14,u (1) @ t=0.15,u (1) @ t=0.16,u (1) @ t=0.17,u (1) @ t=0.18,u (1) @ t=0.19,u (1) @ t=0.2,u (1) @ t=0.21,u (1) @ t=0.22,u (1) @ t=0.23,u (1) @ t=0.24,u (1) @ t=0.25,u (1) @ t=0.26,u (1) @ t=0.27,u (1) @ t=0.28,u (1) @ t=0.29,u (1) @ t=0.3,u (1) @ t=0.31,u (1) @ t=0.32,u (1) @ t=0.33,u (1) @ t=0.34,u (1) @ t=0.35,u (1) @ t=0.36,u (1) @ t=0.37,u (1) @ t=0.38,u (1) @ t=0.39,u (1) @ t=0.4,u (1) @ t=0.41,u (1) @ t=0.42,u (1) @ t=0.43,u (1) @ t=0.44,u (1) @ t=0.45,u (1) @ t=0.46,u (1) @ t=0.47,u (1) @ t=0.48,u (1) @ t=0.49,u (1) @ t=0.5,u (1) @ t=0.51,u (1) @ t=0.52,u (1) @ t=0.53,u (1) @ t=0.54,u (1) @ t=0.55,u (1) @ t=0.56,u (1) @ t=0.57,u (1) @ t=0.58,u (1) @ t=0.59,u (1) @ t=0.6,u (1) @ t=0.61,u (1) @ t=0.62,u (1) @ t=0.63,u (1) @ t=0.64,u (1) @ t=0.65,u (1) @ t=0.66,u (1) @ t=0.67,u (1) @ t=0.68,u (1) @ t=0.69,u (1) @ t=0.7,u (1) @ t=0.71,u (1) @ t=0.72,u (1) @ t=0.73,u (1) @ t=0.74,u (1) @ t=0.75,u (1) @ t=0.76,u (1) @ t=0.77,u (1) @ t=0.78,u (1) @ t=0.79,u (1) @ t=0.8,u (1) @ t=0.81,u (1) @ t=0.82,u (1) @ t=0.83,u (1) @ t=0.84,u (1) @ t=0.85,u (1) @ t=0.86,u (1) @ t=0.87,u (1) @ t=0.88,u (1) @ t=0.89,u (1) @ t=0.9,u (1) @ t=0.91,u (1) @ t=0.92,u (1) @ t=0.93,u (1) @ t=0.94,u (1) @ t=0.95,u (1) @ t=0.96,u (1) @ t=0.97,u (1) @ t=0.98,u (1) @ t=0.99,u (1) @ t=1
0,0.41,0.41,0.41,0.41,0.41,0.41,0.41,0.41,0.41,0.41,0.41,0.41,0.41,0.41,0.41,0.41,0.41,0.41,0.41,0.41,0.41,0.41,0.41,0.41,0.41,0.41,0.41,0.41,0.41,0.41,0.41,0.41,0.41,0.41,0.41,0.41,0.41,0.41,0.41,0.41,0.41,0.41,0.41,0.41,0.41,0.41,0.41,0.41,0.41,0.41,0.41,0.41,0.41,0.41,0.41,0.41,0.41,0.41,0.41,0.41,0.41,0.41,0.41,0.41,0.41,0.41,0.41,0.41,0.41,0.41,0.41,0.41,0.41,0.41,0.41,0.41,0.41,0.41,0.41,0.41,0.41,0.41,0.41,0.41,0.41,0.41,0.41,0.41,0.41,0.41,0.41,0.41,0.41,0.41,0.41,0.41,0.41,0.41,0.41,0.41
0.04,0.401787379,0.404354564,0.40543303,0.406067416,0.406495231,0.406809914,0.407052917,0.407247503,0.407408628,0.407544368,0.407661046,0.407762625,0.40785221,0.407931982,0.40800322,0.408067626,0.408126347,0.408179951,0.408229216,0.408274772,0.40831697,0.408356181,0.408392799,0.408427101,0.408459313,0.408489647,0.408518297,0.408545414,0.408571096,0.408595419,0.408618487,0.408640454,0.40866144,0.408681515,0.408700724,0.408719108,0.408736713,0.408753609,0.408769856,0.408785498,0.408800566,0.408815085,0.408829081,0.408842586,0.408855636,0.408868258,0.408880477,0.408892312,0.408903782,0.408914905,0.408925697,0.408936179,0.408946366,0.408956272,0.408965913,0.408975297,0.408984432,0.408993325,0.409001982,0.409010411,0.409018619,0.409026616,0.409034416,0.409042036,0.409049483,0.409056764,0.409063887,0.409070856,0.409077675,0.409084347,0.409090875,0.409097263,0.409103515,0.409109634,0.409115629,0.409121504,0.409127265,0.409132917,0.409138462,0.409143905,0.409149248,0.409154492,0.409159642,0.409164697,0.409169661,0.409174536,0.409179324,0.409184029,0.409188654,0.409193201,0.409197674,0.409202073,0.409206403,0.409210663,0.409214855,0.409218982,0.409223045,0.409227046,0.409230986,0.409234867
0.08,0.392233055,0.398101222,0.400475006,0.40184776,0.402763959,0.403433091,0.403947046,0.404356912,0.404695153,0.404979316,0.405223,0.405434717,0.405621106,0.405786816,0.40593459,0.40606803,0.40618955,0.406300368,0.406402118,0.406496127,0.406583136,0.406663927,0.406739321,0.406809902,0.406876144,0.406938485,0.406997336,0.40705301,0.407105711,0.4071556,0.407202896,0.407247917,0.407290908,0.40733202,0.407371344,0.407408965,0.40744498,0.407479537,0.407512753,0.407544725,0.407575514,0.407605175,0.407633758,0.407661333,0.407687971,0.407713732,0.407738663,0.407762805,0.407786197,0.407808878,0.407830881,0.407852247,0.407873006,0.407893191,0.407912831,0.407931944,0.407950548,0.407968656,0.407986281,0.408003438,0.408020143,0.408036417,0.408052287,0.408067789,0.408082937,0.408097746,0.40811223,0.408126401,0.408140264,0.408153827,0.408167096,0.408180079,0.408192782,0.408205217,0.408217396,0.408229331,0.408241032,0.408252511,0.408263774,0.408274825,0.408285673,0.408296321,0.408306774,0.408317037,0.408327112,0.408337005,0.408346722,0.408356269,0.408365652,0.408374878,0.408383951,0.408392876,0.408401657,0.408410297,0.4084188,0.408427169,0.408435408,0.40844352,0.408451508,0.408459375
0.12,0.38086742,0.391107301,0.395059532,0.397299999,0.398777754,0.399848433,0.400665938,0.401314958,0.401848586,0.402295559,0.402677882,0.403009326,0.403300567,0.403559059,0.403789224,0.403996798,0.404185599,0.404357581,0.404515337,0.404660955,0.404795616,0.404920557,0.405037067,0.405146063,0.405248295,0.405344449,0.405435171,0.405520948,0.405602102,0.405678891,0.405751656,0.405820891,0.405886979,0.405950153,0.406010558,0.406068325,0.406123608,0.406176635,0.40622759,0.406276621,0.406323826,0.406369286,0.406413084,0.406455326,0.406496122,0.406535567,0.406573731,0.406610679,0.406646473,0.40668117,0.406714824,0.406747495,0.406779234,0.406810089,0.406840106,0.406869312,0.406897735,0.406925395,0.406952314,0.406978513,0.407004019,0.407028863,0.407053087,0.407076745,0.40709986,0.407122455,0.407144551,0.407166167,0.40718731,0.407207992,0.407228224,0.407248017,0.407267383,0.407286336,0.407304898,0.407323086,0.407340915,0.407358404,0.407375561,0.407392396,0.407408919,0.407425136,0.407441054,0.407456679,0.407472019,0.40748708,0.407501872,0.407516404,0.407530686,0.407544727,0.407558534,0.407572114,0.407585474,0.407598619,0.407611554,0.407624285,0.407636817,0.407649154,0.407661302,0.407673266
0.16,0.366927421,0.383191978,0.389101964,0.392373738,0.394502537,0.396031096,0.397190474,0.398106386,0.398856402,0.399482586,0.400016718,0.400478676,0.400883779,0.401242675,0.401561726,0.401849073,0.402110091,0.402347576,0.402565193,0.402765872,0.40295128,0.403123164,0.403283329,0.403433057,0.403573399,0.403705316,0.403829706,0.403947251,0.404058402,0.40416352,0.404263084,0.404357778,0.40444813,0.404534462,0.404616978,0.40469586,0.404771325,0.404843686,0.404913197,0.404980063,0.405044419,0.405106379,0.405166056,0.405223597,0.405279156,0.405332861,0.40538481,0.405435091,0.405483791,0.405530989,0.405576757,0.405621181,0.405664328,0.405706266,0.405747056,0.405786738,0.405825348,0.405862917,0.405899472,0.405935043,0.405969667,0.406003389,0.406036264,0.406068366,0.406099727,0.406130377,0.406160348,0.406189663,0.406218333,0.406246374,0.406273802,0.406300631,0.406326878,0.406352562,0.406377714,0.406402356,0.40642651,0.406450199,0.406473438,0.406496238,0.406518611,0.406540569,0.40656212,0.406583274,0.406604038,0.406624423,0.406644442,0.406664107,0.406683432,0.406702429,0.406721109,0.406739481,0.406757553,0.406775332,0.406792826,0.406810043,0.406826989,0.406843671,0.406860096,0.40687627
0.2,0.349052652,0.374100001,0.382492114,0.38700616,0.389896996,0.39195155,0.393498269,0.394713541,0.395704239,0.396528444,0.397229369,0.397834036,0.398363128,0.398830951,0.399246113,0.399619491,0.399958181,0.400265947,0.400547661,0.400807178,0.401046715,0.40126859,0.401475171,0.401668146,0.401848896,0.402018683,0.402178685,0.402329795,0.402472603,0.402607587,0.402735377,0.402856864,0.402972731,0.403083396,0.403189124,0.403290157,0.403386777,0.403479392,0.403568331,0.403653857,0.403736147,0.403815348,0.403891611,0.403965123,0.404036084,0.404104659,0.404170976,0.404235149,0.404297289,0.404357499,0.404415872,0.404472519,0.404527526,0.404580982,0.404632965,0.404683525,0.40473271,0.404780561,0.404827111,0.404872402,0.404916479,0.404959401,0.405001239,0.405042088,0.405081987,0.405120977,0.405159097,0.405196377,0.405232833,0.405268485,0.405303352,0.405337453,0.405370809,0.405403447,0.405435405,0.405466712,0.405497395,0.405527485,0.405556999,0.405585952,0.405614362,0.40564224,0.4056696,0.405696451,0.405722806,0.405748678,0.405774082,0.405799036,0.405823555,0.405847657,0.405871354,0.405894658,0.405917579,0.405940128,0.405962313,0.405984145,0.406005631,0.406026782,0.406047605,0.406068108
0.24,0.324458586,0.363454744,0.375082935,0.381117611,0.384910397,0.387574337,0.389562874,0.391115838,0.392375528,0.39341946,0.394304323,0.395065551,0.395730067,0.396316387,0.396835736,0.397302109,0.397724521,0.398107844,0.398458322,0.398780829,0.399078198,0.399353392,0.399609403,0.39984836,0.400072012,0.400281955,0.400479673,0.400666287,0.400842543,0.401009049,0.401166601,0.401316316,0.401459039,0.401595294,0.401725414,0.401849705,0.401968521,0.402082372,0.402191667,0.402296734,0.40239779,0.402495023,0.402588619,0.402678815,0.402765858,0.402849952,0.402931255,0.40300991,0.403086055,0.403159817,0.403231314,0.403300681,0.403368025,0.403433458,0.403497075,0.403558939,0.403619108,0.403677634,0.403734559,0.403789934,0.403843816,0.403896277,0.403947405,0.403997318,0.404046062,0.40409369,0.404140248,0.404185774,0.404230286,0.40427381,0.404316371,0.404357991,0.404398698,0.404438523,0.404477513,0.404515704,0.404553131,0.404589829,0.404625822,0.404661127,0.404695764,0.404729752,0.404763102,0.40479583,0.404827949,0.404859477,0.404890432,0.404920835,0.404950706,0.404980066,0.40500893,0.405037313,0.405065228,0.405092687,0.405119701,0.405146281,0.40517244,0.405198187,0.405223534,0.40524849
0.28,0.285977175,0.35066761,0.366672205,0.374605058,0.379479517,0.382856379,0.385352753,0.387289081,0.388851016,0.390139897,0.391228435,0.392162048,0.392974964,0.393690576,0.394323168,0.394890321,0.395403185,0.395867915,0.396292314,0.396682384,0.397041653,0.397373813,0.397682545,0.397970468,0.398239739,0.398492321,0.398730035,0.398954254,0.399165894,0.399365706,0.399554675,0.39973416,0.399905184,0.40006838,0.400224156,0.400372888,0.400515014,0.400651151,0.400781794,0.400907339,0.40102805,0.401144155,0.401255884,0.401363521,0.401467368,0.401567667,0.401664612,0.401758376,0.401849124,0.401937012,0.402022181,0.402104793,0.40218498,0.402262874,0.402338591,0.402412206,0.402483791,0.402553407,0.402621105,0.402686948,0.402751004,0.402813362,0.402874125,0.402933435,0.402991348,0.403047926,0.403103225,0.403157289,0.403210142,0.403261815,0.403312336,0.403361735,0.403410042,0.403457297,0.403503557,0.403548863,0.403593257,0.403636782,0.403679466,0.403721329,0.403762396,0.403802687,0.40384222,0.40388101,0.403919075,0.403956435,0.403993113,0.404029134,0.404064522,0.4040993,0.404133488,0.404167103,0.404200161,0.404232675,0.404264661,0.40429613,0.404327097,0.404357576,0.404387577,0.404417114
0.32,0.20373331,0.33474413,0.356971272,0.367332039,0.37352421,0.377744652,0.380829888,0.38320458,0.385108159,0.386671521,0.387986607,0.389110785,0.390086907,0.390944043,0.391700084,0.392376756,0.392987588,0.39354023,0.394044268,0.394506954,0.394932603,0.395325738,0.395690798,0.39603095,0.396348803,0.396646727,0.396926916,0.39719102,0.397440138,0.397675186,0.397897358,0.398108277,0.398309155,0.398500744,0.398683535,0.39885798,0.399024608,0.399184154,0.399337206,0.399484232,0.399625546,0.399761419,0.399892129,0.400018015,0.400139432,0.400256668,0.400369952,0.400479489,0.400585475,0.400688096,0.400787517,0.400883932,0.400977494,0.401068362,0.401156671,0.401242512,0.401325967,0.40140711,0.401486002,0.401562717,0.401637338,0.401709967,0.401780727,0.401849786,0.401917207,0.401983064,0.402047421,0.402110332,0.402171825,0.402231935,0.402290698,0.402348145,0.402404317,0.402459258,0.402513035,0.402565697,0.402617293,0.402667873,0.40271747,0.402766107,0.402813814,0.402860614,0.402906528,0.402951575,0.402995775,0.403039152,0.403081733,0.403123546,0.403164622,0.403204985,0.403244661,0.403283667,0.403322024,0.403359747,0.403396852,0.403433357,0.403469275,0.403504623,0.403539416,0.403573667
0.36,0.04212394,0.313804462,0.34554814,0.359112609,0.36694085,0.372172894,0.375947894,0.378827967,0.381120333,0.382993047,0.384561384,0.385897155,0.387053472,0.388066066,0.388957114,0.389753153,0.390470382,0.3911182,0.391708239,0.392249143,0.392746121,0.393204647,0.393630003,0.394025959,0.394395635,0.394741851,0.395067216,0.395373682,0.395662552,0.395934925,0.396192231,0.396436382,0.39666879,0.396890338,0.397101603,0.397303126,0.397495535,0.397679696,0.397856293,0.398025872,0.398188801,0.3983454,0.398495997,0.398640992,0.398780796,0.398915747,0.39904611,0.399172126,0.399294025,0.399412022,0.399526311,0.399637118,0.399744622,0.399849005,0.399950429,0.400048995,0.400144801,0.400237932,0.400328463,0.400416476,0.400502071,0.400585367,0.400666508,0.400745684,0.400822971,0.400898451,0.400972202,0.401044284,0.401114731,0.401183581,0.401250879,0.401316661,0.401380973,0.401443867,0.401505422,0.401565692,0.401624735,0.40168261,0.401739351,0.401794988,0.401849556,0.40190308,0.401955583,0.40200709,0.402057623,0.402107209,0.40215588,0.40220367,0.402250611,0.402296735,0.402342068,0.402386632,0.40243045,0.40247354,0.402515921,0.402557611,0.402598629,0.402638993,0.402678718,0.402717822
0.4,0.048840829,0.283592734,0.33171464,0.349684424,0.359592266,0.366056847,0.370649393,0.37411761,0.376855798,0.379079425,0.380932441,0.382504297,0.383860429,0.385044447,0.386083655,0.387010215,0.387843334,0.38859447,0.389277617,0.389902972,0.390476768,0.391005565,0.391495587,0.391951281,0.392376333,0.39277407,0.393147559,0.393499086,0.393830181,0.394142146,0.394436679,0.394716007,0.394981758,0.395234952,0.395476266,0.395706336,0.395925901,0.396135969,0.396337331,0.396530613,0.396716241,0.396894589,0.39706604,0.397231061,0.397390125,0.397543619,0.39769185,0.397835096,0.397973624,0.398107682,0.398237492,0.398363317,0.39848536,0.398603835,0.398718924,0.398830745,0.39893941,0.399045018,0.399147654,0.399247417,0.399344419,0.3994388,0.399530723,0.399620406,0.399707934,0.399793404,0.3998769,0.399958494,0.400038223,0.400116134,0.400192275,0.40026669,0.400339432,0.400410561,0.400480165,0.400548309,0.400615057,0.400680476,0.400744606,0.40080748,0.400869138,0.400929609,0.400988921,0.401047099,0.401104171,0.401160168,0.401215126,0.401269083,0.401322077,0.401374143,0.401425311,0.401475608,0.401525056,0.401573679,0.401621497,0.401668531,0.401714803,0.401760333,0.401805139,0.401849241
0.44,0.049873177,0.231138178,0.314276565,0.338660792,0.351291699,0.359287164,0.364862279,0.369022432,0.372276308,0.374900905,0.377075922,0.378912617,0.380491381,0.381865226,0.383067653,0.384137433,0.385097184,0.385960804,0.38674503,0.387461797,0.388118514,0.388722997,0.389282519,0.389802285,0.390286622,0.39073942,0.391164262,0.3915638,0.391939812,0.392293837,0.392627869,0.392944484,0.39324554,0.393532207,0.393805268,0.394065468,0.39431367,0.394551037,0.394778471,0.394996689,0.395206178,0.39540737,0.395600712,0.395786739,0.395965993,0.396138915,0.396305854,0.396467131,0.396623051,0.396773896,0.396919922,0.397061429,0.397198648,0.397331824,0.397461162,0.397586799,0.397708862,0.397827463,0.397942701,0.398054688,0.398163555,0.39826946,0.39837259,0.398473191,0.398571358,0.398667199,0.398760812,0.398852276,0.398941635,0.399028941,0.39911425,0.399197613,0.399279089,0.399358747,0.399436688,0.399512983,0.399587706,0.399660931,0.399732706,0.399803065,0.399872055,0.399939708,0.400006056,0.400071128,0.400134955,0.400197574,0.400259024,0.400319348,0.40037859,0.400436788,0.400493977,0.400550186,0.400605442,0.40065977,0.400713194,0.400765738,0.400817425,0.400868278,0.400918319,0.400967569
0.48,0.049989139,0.091788826,0.290914618,0.32543859,0.341775953,0.351718471,0.358494261,0.363478855,0.36733522,0.370421792,0.372963581,0.375099165,0.376927299,0.378512332,0.379895321,0.38112286,0.382221461,0.383207935,0.384102218,0.384918202,0.385664658,0.38635085,0.386985235,0.387573869,0.388121801,0.388633557,0.389113295,0.389564075,0.389987948,0.390386719,0.390762725,0.39111892,0.391457411,0.39177953,0.392086175,0.392378214,0.392656649,0.392922814,0.393177731,0.393422211,0.393656808,0.393882018,0.394098359,0.394306442,0.394506882,0.394700175,0.39488672,0.395066881,0.395241005,0.395409412,0.395572393,0.395730288,0.395883359,0.396031883,0.396176092,0.396316139,0.39645217,0.39658431,0.396712673,0.396837387,0.396958602,0.397076498,0.397191283,0.397303235,0.397412459,0.397519077,0.397623197,0.39772491,0.397824264,0.397921319,0.398016138,0.398108779,0.398199309,0.398287805,0.398374383,0.398459122,0.398542103,0.398623411,0.398703097,0.398781202,0.398857776,0.398932858,0.39900648,0.399078679,0.399149488,0.399218947,0.399287104,0.399354005,0.399419698,0.399484228,0.399547632,0.399609943,0.399671191,0.399731405,0.399790611,0.399848836,0.399906106,0.399962447,0.400017884,0.400072439
0.52,0.049999405,0.05344559,0.25601255,0.30900303,0.330657769,0.343151805,0.351424648,0.3574064,0.361974872,0.365598771,0.368561645,0.371036837,0.373145942,0.374967135,0.376550803,0.377952848,0.379204269,0.380325387,0.38133989,0.38226388,0.383107716,0.383882352,0.384597571,0.385260393,0.38587669,0.386451704,0.386990239,0.387495807,0.387970765,0.388417221,0.388837899,0.389236173,0.389614415,0.389974133,0.390316354,0.390642082,0.390952476,0.391249055,0.391532974,0.391805143,0.39206619,0.392316681,0.392557209,0.392788474,0.393011165,0.39322584,0.39343295,0.393632907,0.393826102,0.394012897,0.394193621,0.394368655,0.394538297,0.394702856,0.394862595,0.395017685,0.395168288,0.395314547,0.39545659,0.395594564,0.395728638,0.395859016,0.395985931,0.396109692,0.396230415,0.396348237,0.396463277,0.396575637,0.396685372,0.396792547,0.396897235,0.396999501,0.397099422,0.397197083,0.397292614,0.397386102,0.39747764,0.397567319,0.397655198,0.397741322,0.397825746,0.397908514,0.397989662,0.398069231,0.398147258,0.39822379,0.398298877,0.398372574,0.398444932,0.398516001,0.398585823,0.398654434,0.398721868,0.398788156,0.398853328,0.398917414,0.398980443,0.399042443,0.399103443,0.399163467
0.56,0.050000019,0.050281311,0.189831274,0.287453631,0.317334784,0.333304973,0.343491523,0.350701195,0.356122855,0.360378592,0.363829289,0.366693309,0.369121088,0.371207882,0.373015733,0.374611702,0.376032015,0.377301261,0.378447541,0.379489482,0.380439306,0.381309938,0.382112664,0.382855604,0.38354556,0.384188592,0.384790232,0.385354494,0.385884077,0.386381437,0.386849739,0.387292821,0.38771334,0.388112993,0.388492953,0.388854376,0.389198596,0.38952734,0.389841902,0.3901433,0.39043224,0.390709368,0.390975364,0.391231018,0.391477103,0.391714244,0.391942945,0.392163672,0.392376864,0.392582929,0.392782235,0.39297521,0.393162188,0.393343516,0.393519486,0.393690289,0.393856107,0.394017099,0.394173411,0.394325209,0.394472684,0.394616065,0.394755612,0.394891666,0.395024356,0.395153833,0.395280229,0.395403657,0.395524178,0.395641867,0.395756803,0.395869061,0.395978726,0.396085895,0.396190711,0.396293272,0.396393679,0.396492034,0.396588401,0.396682831,0.396775384,0.396866107,0.396955045,0.397042239,0.397127733,0.397211578,0.397293832,0.397374553,0.397453799,0.397531625,0.397608077,0.397683195,0.397757016,0.397829576,0.397900906,0.397971041,0.398040012,0.398107851,0.398174588,0.398240252
0.6,0.050000012,0.050013829,0.052057387,0.25660647,0.300797622,0.321759432,0.334470851,0.343226062,0.349686575,0.354694819,0.358716542,0.362029625,0.364821539,0.367208959,0.369268686,0.371081262,0.372689078,0.374121961,0.375413242,0.376584441,0.377649992,0.378625131,0.379522852,0.380352537,0.381122055,0.381838391,0.382507908,0.383135181,0.383723287,0.384275088,0.384794253,0.385285131,0.385750686,0.386192824,0.386612876,0.387012172,0.387392246,0.38775505,0.38810203,0.388434322,0.388752715,0.389057943,0.389350781,0.389632124,0.389902831,0.390163599,0.390414992,0.390657533,0.390891714,0.391117992,0.391336776,0.391548548,0.391753679,0.391952555,0.392145503,0.392332734,0.392514449,0.392690828,0.392862034,0.393028255,0.393189705,0.39334664,0.39349935,0.39364821,0.393793363,0.393934972,0.394073185,0.394208126,0.394339862,0.394468478,0.394594062,0.394716697,0.39483648,0.394953518,0.395067969,0.395179943,0.395289548,0.3953969,0.395502066,0.395605102,0.395706076,0.39580504,0.395902042,0.39599713,0.396090352,0.396181764,0.396271431,0.396359416,0.396445785,0.396530596,0.3966139,0.396695742,0.396776162,0.396855199,0.396932889,0.397009268,0.397084373,0.397158238,0.397230896,0.397302378
0.64,0.050000002,0.049999191,0.050746364,0.204236092,0.279157165,0.30785742,0.324040633,0.334794795,0.342545095,0.348463143,0.353161376,0.356998268,0.360209791,0.362939932,0.365284463,0.367340356,0.369157384,0.370771863,0.372223361,0.373536749,0.3747291,0.375818384,0.376819544,0.377743415,0.378599094,0.379394631,0.38013733,0.380832394,0.381483333,0.382093472,0.382667062,0.383209016,0.383722631,0.38421004,0.384672752,0.385112294,0.385530426,0.38592935,0.386310674,0.386675661,0.387025192,0.387360098,0.387681264,0.387989694,0.388286345,0.388571989,0.388847257,0.389112731,0.389368964,0.389616463,0.389855686,0.390087168,0.390311324,0.390528582,0.390739304,0.390943723,0.391142064,0.391334524,0.391521288,0.391702567,0.391878601,0.392049677,0.392216113,0.392378324,0.392536463,0.39269071,0.392841227,0.39298815,0.393131556,0.393271536,0.39340819,0.393541611,0.393671905,0.393799192,0.393923648,0.394045392,0.394164543,0.394281227,0.394395519,0.394507479,0.394617182,0.394724686,0.394830042,0.394933304,0.395034527,0.395133772,0.395231111,0.395326612,0.395420349,0.395512384,0.395602774,0.395691566,0.395778806,0.395864536,0.395948796,0.396031626,0.396113065,0.396193151,0.396271921,0.396349408
0.68,0.05,0.049999667,0.050131832,0.089493537,0.248158969,0.290481585,0.311715352,0.325146045,0.334536418,0.341574434,0.347085535,0.351540487,0.355240233,0.358364266,0.361033165,0.363364109,0.36541587,0.367232894,0.368862236,0.370332684,0.371664503,0.372878897,0.373993058,0.375019507,0.375968763,0.376850099,0.3776719,0.378440075,0.379158621,0.379831408,0.380463352,0.381059994,0.381624991,0.382160725,0.382668906,0.383151285,0.383609877,0.384047161,0.384464922,0.384864559,0.385247055,0.385613347,0.385964443,0.386301471,0.386625491,0.386937356,0.387237768,0.38752738,0.387806805,0.388076608,0.388337297,0.388589468,0.388833581,0.389070111,0.389299457,0.389521877,0.389737617,0.389946899,0.390149928,0.390346941,0.390538208,0.390724045,0.390904808,0.391080945,0.391252626,0.391420047,0.391583385,0.391742789,0.391898343,0.39205015,0.39219832,0.392342956,0.392484177,0.392622116,0.392756966,0.392888857,0.39301792,0.393144291,0.393268053,0.393389271,0.393508026,0.393624383,0.393738399,0.393850132,0.393959643,0.394067001,0.394172282,0.394275565,0.394376926,0.394476436,0.394574155,0.394670136,0.394764428,0.394857078,0.394948128,0.395037623,0.395125606,0.395212118,0.395297199,0.395380887
0.72,0.05,0.049999946,0.050014645,0.051768689,0.19629547,0.267512577,0.296715961,0.313897425,0.325436862,0.333884101,0.340388412,0.345582488,0.349856653,0.353437603,0.35647895,0.359123031,0.361439791,0.363483998,0.365311751,0.366956478,0.368442336,0.369794393,0.371032441,0.372170977,0.373222176,0.374196729,0.375104264,0.375951485,0.376742951,0.377483165,0.378177812,0.378833132,0.379453171,0.380040588,0.380597318,0.381125369,0.381627045,0.382105134,0.382561613,0.382998026,0.383415467,0.383814998,0.38419776,0.384565019,0.384917946,0.385257483,0.38558441,0.385899453,0.386203297,0.386496565,0.386779824,0.387053733,0.387318802,0.387575556,0.387824436,0.388065723,0.388299691,0.388526583,0.38874663,0.388960097,0.389167285,0.389368546,0.38956427,0.389754947,0.389940761,0.390121924,0.39029863,0.390471043,0.390639254,0.390803378,0.390963535,0.391119841,0.391272429,0.391421444,0.391567099,0.391709535,0.391848896,0.391985328,0.392118922,0.39224975,0.3923779,0.39250344,0.392626436,0.392746951,0.392865052,0.392980816,0.393094325,0.393205667,0.393314923,0.393422171,0.393527476,0.393630895,0.393732482,0.393832288,0.393930359,0.394026745,0.394121492,0.394214644,0.394306246,0.394396338
0.76,0.05,0.049999994,0.050000958,0.050057647,0.091244522,0.23418806,0.277682934,0.300458892,0.314925842,0.325195137,0.33293778,0.339029904,0.343988727,0.348105373,0.351578379,0.354581811,0.357199827,0.359500444,0.361550799,0.363389883,0.365046657,0.36655083,0.367925228,0.369186684,0.370349312,0.371425458,0.372426187,0.373359109,0.374229425,0.375042388,0.375804569,0.376522987,0.377202112,0.377844914,0.37845358,0.379030413,0.37957805,0.380099618,0.380597303,0.38107281,0.381527353,0.381962132,0.382378444,0.382777704,0.383161203,0.383529979,0.383884899,0.384226771,0.384556353,0.384874338,0.385181351,0.385478124,0.38576522,0.386043221,0.386312607,0.38657369,0.38682677,0.387072115,0.387309983,0.38754067,0.387764514,0.387981904,0.388193266,0.388399135,0.388599709,0.388795219,0.388985875,0.389171856,0.389353263,0.389530221,0.389702865,0.389871324,0.390035742,0.390196282,0.390353176,0.390506578,0.390656644,0.390803533,0.390947343,0.391088151,0.391226054,0.391361127,0.39149344,0.391623065,0.391750074,0.391874552,0.39199659,0.392116282,0.392233718,0.39234898,0.39246214,0.392573259,0.392682396,0.392789606,0.392894941,0.392998453,0.393100194,0.393200211,0.393298553,0.393395263
0.8,0.05,0.05,0.049999989,0.049997084,0.051578694,0.176603436,0.251933684,0.283853255,0.302521931,0.315229839,0.32455522,0.331759464,0.337546932,0.342299449,0.346278124,0.349697706,0.35266088,0.355252935,0.357554596,0.359611635,0.361459015,0.363132057,0.364657161,0.366053947,0.367338816,0.36852606,0.369628416,0.370654527,0.371610341,0.372501998,0.3733371,0.374123532,0.374866229,0.375568508,0.376232845,0.376861885,0.37745864,0.37802662,0.378568236,0.379085368,0.379579365,0.380051583,0.380503491,0.380936673,0.38135255,0.381752263,0.382136775,0.382506983,0.382863729,0.383207776,0.38353982,0.383860668,0.384170943,0.384471286,0.384762223,0.385044097,0.385317234,0.385581933,0.38583848,0.386087207,0.38632849,0.38656276,0.386790482,0.387012237,0.38722824,0.387438738,0.387643962,0.387844105,0.38803928,0.388229624,0.388415285,0.388596405,0.388773146,0.388945686,0.389114278,0.389279092,0.389440294,0.389598057,0.389752486,0.389903666,0.390051702,0.390196675,0.390338661,0.39047774,0.390613992,0.390747509,0.390878392,0.391006741,0.391132655,0.391256222,0.391377519,0.391496613,0.391613569,0.391728444,0.391841297,0.391952184,0.392061159,0.392168277,0.392273588,0.39237714
0.84,0.05,0.05,0.049999987,0.049999232,0.05001352,0.071546343,0.213993204,0.262295591,0.287457644,0.30357982,0.314992199,0.323606058,0.330414965,0.335933311,0.340511768,0.344418312,0.347780479,0.35070642,0.35329378,0.355596755,0.357657898,0.35951937,0.361211828,0.362758246,0.364177751,0.365486936,0.366700498,0.367828265,0.368877061,0.369854085,0.370768137,0.371628068,0.372439329,0.373205626,0.373929768,0.374614792,0.375264146,0.375881763,0.376470302,0.377031832,0.377567854,0.378079898,0.378569635,0.37903883,0.379489046,0.379921539,0.380337375,0.380737551,0.381123,0.381494566,0.381853016,0.382199244,0.382533937,0.3828578,0.38317141,0.383475141,0.383769351,0.384054368,0.384330513,0.384598156,0.384857714,0.385109665,0.385354517,0.3855929,0.385825042,0.386051213,0.386271663,0.386486601,0.386696152,0.386900465,0.387099704,0.387294027,0.387483612,0.387668656,0.387849434,0.388026129,0.388198923,0.388368001,0.388533478,0.388695444,0.388854012,0.389009272,0.389161307,0.389310204,0.389456052,0.389598951,0.389739011,0.389876341,0.390011047,0.390143225,0.390272957,0.390400316,0.390525371,0.390648186,0.390768823,0.390887344,0.391003808,0.391118273,0.391230794,0.391341424
0.88,0.05,0.05,0.049999998,0.049999917,0.049993044,0.050922516,0.145408841,0.231833628,0.268407479,0.289611159,0.303888649,0.314341749,0.322438063,0.328894877,0.334195204,0.338678465,0.342506584,0.3458185,0.348733229,0.351315641,0.353618021,0.355690951,0.357570209,0.359282859,0.360851296,0.362294863,0.363630571,0.364869616,0.366019859,0.367089772,0.368089549,0.369029127,0.369914527,0.370749898,0.371538434,0.372283628,0.372989427,0.373660239,0.374298993,0.374907966,0.375488829,0.376043315,0.376573317,0.377080806,0.377567497,0.378034774,0.378483815,0.37891573,0.37933155,0.379732208,0.380118552,0.380491568,0.380852015,0.381200668,0.381538157,0.381864891,0.382181263,0.382487634,0.382784361,0.383071856,0.383350585,0.383621075,0.383883879,0.384139679,0.384388721,0.384631295,0.384867671,0.385098078,0.38532265,0.385541554,0.385754969,0.385963069,0.386166052,0.386364132,0.386557612,0.386746688,0.386931557,0.387112417,0.387289394,0.387462583,0.387632108,0.387798065,0.387960545,0.388119644,0.38827546,0.388428101,0.388577689,0.38872434,0.38886817,0.38900928,0.38914776,0.389283688,0.389417139,0.389548182,0.389676884,0.389803312,0.389927531,0.390049603,0.390169587,0.39028754
0.92,0.05,0.05,0.05,0.049999994,0.049999203,0.050043316,0.054546822,0.183811759,0.242843682,0.272267772,0.290696382,0.303640034,0.31340427,0.321035511,0.327219848,0.332395792,0.336774513,0.340537256,0.343830463,0.346732864,0.349309411,0.351621145,0.353710105,0.35560839,0.357342363,0.358934679,0.3604051,0.361766413,0.363027728,0.364199049,0.365292203,0.366318347,0.367284137,0.368194234,0.369052275,0.36986229,0.370628799,0.371356743,0.372049346,0.372709118,0.373337918,0.373937714,0.374510651,0.375058928,0.375584427,0.37608867,0.376572964,0.377038542,0.377486544,0.377918,0.378333846,0.378735173,0.379122816,0.37949763,0.379860299,0.380211272,0.380550977,0.380879812,0.381198177,0.38150653,0.381805389,0.382095335,0.382376973,0.382651036,0.382917789,0.383177545,0.383430594,0.383677188,0.383917471,0.384151626,0.384379852,0.38460234,0.384819308,0.385030993,0.385237722,0.385439708,0.385637163,0.385830302,0.386019257,0.386204133,0.386385062,0.386562149,0.386735493,0.3869052,0.387071376,0.387234142,0.387393627,0.387549959,0.387703262,0.387853643,0.388001201,0.388146019,0.388288177,0.388427751,0.388564813,0.388699436,0.38883169,0.388961641,0.389089354,0.389214889
0.96,0.05,0.05,0.05,0.05,0.049999967,0.050001798,0.05024545,0.094707888,0.205194179,0.249621735,0.274525547,0.2910112,0.303012892,0.312152534,0.319442306,0.325464165,0.330502555,0.334798202,0.338533466,0.341805556,0.344696173,0.347279516,0.349605388,0.351712179,0.353631116,0.355388887,0.357008548,0.358504762,0.359888149,0.361170579,0.362365793,0.363486323,0.364539545,0.365530711,0.366463974,0.367343997,0.368175963,0.36896541,0.369715889,0.370430165,0.371110316,0.371758575,0.37237738,0.372969178,0.373536039,0.374079635,0.374601416,0.375102752,0.375584905,0.376049011,0.376496106,0.376927394,0.377343797,0.377746251,0.378135505,0.378512048,0.378876348,0.379228844,0.379569981,0.379900272,0.380220291,0.380530678,0.380832092,0.381125323,0.381410656,0.381688426,0.381958948,0.382222494,0.382479223,0.382729335,0.382973047,0.383210574,0.383442153,0.383668044,0.383888604,0.384104064,0.384314649,0.384520591,0.384722032,0.384919086,0.385111893,0.385300568,0.385485221,0.385665965,0.385842917,0.386016209,0.386185983,0.386352375,0.386515518,0.38667553,0.386832512,0.386986558,0.387137752,0.387286176,0.387431909,0.38757503,0.387715612,0.387853729,0.387989449,0.388122839
1,0.05,0.05,0.05,0.05,0.050000003,0.05000005,0.050015602,0.05154025,0.140387723,0.217886022,0.253787237,0.275675556,0.290818131,0.301960055,0.310668023,0.317743758,0.323585521,0.32851995,0.332777645,0.336481192,0.33973485,0.342629592,0.345225036,0.347567535,0.349694356,0.351637155,0.353422971,0.355068695,0.356586802,0.357991449,0.35929863,0.360522433,0.361671055,0.362750436,0.363765343,0.364721184,0.36562391,0.366479731,0.36729256,0.36806545,0.368800725,0.369500929,0.37016883,0.370807157,0.371418181,0.372003743,0.372565454,0.373104837,0.373623287,0.374122062,0.374602304,0.375065344,0.375512199,0.375943899,0.376361258,0.37676481,0.377155067,0.377532513,0.377897645,0.378251033,0.378593319,0.378925205,0.379247407,0.379560778,0.379865622,0.380162298,0.380451148,0.380732465,0.381006425,0.381273245,0.381533165,0.381786422,0.382033278,0.382274018,0.382509029,0.382738559,0.382962853,0.383182156,0.383396623,0.383606375,0.383811563,0.384012313,0.384208743,0.384400977,0.384589145,0.38477339,0.384953865,0.385130718,0.385304092,0.385474111,0.385640886,0.385804515,0.385965092,0.386122703,0.386277434,0.38642937,0.386578591,0.386725176,0.386869197,0.387010727
1.04,0.05,0.05,0.05,0.05,0.050000001,0.05,0.050001036,0.050056626,0.056237428,0.165838754,0.225257223,0.256302049,0.27612058,0.290037623,0.300624267,0.309045387,0.315884967,0.321597841,0.326481479,0.330694509,0.33437217,0.337627186,0.34053184,0.34314273,0.345504725,0.347655677,0.349627494,0.35143974,0.353107209,0.354646872,0.356077389,0.357414616,0.3586677,0.359843392,0.360947187,0.361985378,0.362964813,0.363892457,0.364772628,0.365608702,0.366403286,0.367159288,0.367879854,0.368568025,0.369226295,0.369856695,0.370461015,0.37104095,0.371598045,0.372133689,0.372649147,0.373145889,0.373625038,0.374087724,0.374534836,0.374966955,0.375384642,0.37578843,0.376178873,0.376556612,0.376922355,0.377276878,0.377620958,0.377955512,0.378280865,0.378597405,0.378905497,0.379205463,0.379497492,0.379781824,0.380058723,0.38032845,0.380591293,0.380847565,0.381097686,0.381341924,0.38158054,0.381813799,0.382041865,0.382264868,0.382482972,0.382696311,0.382905016,0.383109222,0.383309071,0.38350472,0.383696333,0.383884072,0.384068087,0.384248513,0.384425468,0.384599057,0.384769382,0.384936535,0.38510061,0.385261697,0.385419884,0.385575253,0.385727885,0.385877856
1.08,0.05,0.05,0.05,0.05,0.05,0.05,0.050000066,0.050001895,0.050343103,0.07983831,0.182230564,0.230277603,0.257736254,0.275733438,0.288913011,0.299104715,0.307213847,0.313894326,0.319540147,0.324363078,0.328541896,0.33221808,0.335480671,0.338399664,0.341029662,0.343416348,0.345597645,0.347596381,0.349430279,0.35111981,0.352686792,0.354149107,0.355517013,0.356798231,0.357999125,0.359127048,0.360189893,0.361195483,0.362148586,0.363052945,0.3639115,0.36472758,0.365504766,0.366246449,0.366955369,0.36763377,0.368283644,0.368906881,0.369505191,0.370080113,0.370633047,0.371165617,0.371679065,0.372174633,0.372653288,0.373115665,0.373562376,0.373994012,0.374411193,0.374814631,0.375205118,0.375583505,0.375950635,0.376307495,0.376654432,0.376991862,0.37732018,0.377639734,0.377950732,0.378253436,0.378548137,0.378835123,0.379114713,0.379387246,0.379653182,0.379912807,0.3801664,0.380414246,0.380656521,0.380893363,0.38112495,0.381351426,0.381572934,0.381789623,0.382001646,0.382209177,0.382412392,0.382611465,0.382806556,0.382997812,0.383185357,0.383369305,0.383549763,0.383726834,0.383900617,0.384071209,0.384238705,0.384403195,0.384564763,0.384723493
1.12,0.05,0.05,0.05,0.05,0.05,0.05,0.050000004,0.050000064,0.050019565,0.051101269,0.108716236,0.191806726,0.233432682,0.257965464,0.274923129,0.287537477,0.297311345,0.305223888,0.311815887,0.31738083,0.32216032,0.326334796,0.33001609,0.333292066,0.336230013,0.33888567,0.341304495,0.343513355,0.345533736,0.347390493,0.34910921,0.350710101,0.352204748,0.353602037,0.354909386,0.356135424,0.357289264,0.358379708,0.359412031,0.360390394,0.361318126,0.362199056,0.363037264,0.363836529,0.364599869,0.365329765,0.366028444,0.36669801,0.367340361,0.367957203,0.368550086,0.369120811,0.369670748,0.370201263,0.370713411,0.371207882,0.37168535,0.372146467,0.372591927,0.373022528,0.373439147,0.373842723,0.374234169,0.374614545,0.374984222,0.375343647,0.375693247,0.376033399,0.376364331,0.376686329,0.376999714,0.377304805,0.377601952,0.377891527,0.378174029,0.378449765,0.378719035,0.378982142,0.379239274,0.379490583,0.379736256,0.379976452,0.380211324,0.380441037,0.380665759,0.380885678,0.381100986,0.381311869,0.3815185,0.381721032,0.3819196,0.382114327,0.382305328,0.382492713,0.382676589,0.382857061,0.38303423,0.383208193,0.383379042,0.383546864
1.16,0.05,0.05,0.05,0.05,0.05,0.05,0.05,0.050000003,0.050001034,0.050039123,0.052260547,0.130180978,0.198600836,0.234770516,0.257653382,0.273756511,0.285799489,0.295328429,0.303122877,0.309608236,0.315119652,0.319891963,0.324069004,0.327763009,0.33105815,0.334023306,0.33671351,0.339160735,0.341391374,0.343435816,0.345324161,0.347079334,0.348714519,0.350240023,0.351664549,0.352998271,0.35425174,0.355434871,0.356553515,0.35761232,0.358615074,0.359566195,0.360470339,0.36133172,0.362153669,0.362938936,0.363690012,0.36440925,0.365098756,0.365760423,0.366395973,0.367007402,0.367596226,0.368163948,0.368711715,0.369240284,0.369750393,0.370242765,0.370718179,0.371177526,0.371621783,0.37205198,0.37246911,0.372874309,0.373267975,0.373650587,0.374022606,0.374384441,0.374736343,0.375078625,0.37541164,0.375735741,0.376051315,0.376358767,0.376658639,0.376951261,0.377236953,0.377516041,0.377788725,0.378055167,0.378315569,0.378570103,0.378818938,0.379062251,0.379300229,0.379533076,0.379760998,0.379984196,0.380202855,0.380417138,0.38062719,0.380833142,0.381035118,0.381233236,0.381427611,0.381618359,0.381805585,0.381989395,0.382169887,0.382347155
1.2,0.05,0.05,0.05,0.05,0.05,0.05,0.05,0.05,0.050000046,0.050001174,0.050117085,0.057180706,0.141703293,0.20212462,0.235317717,0.256805251,0.272103589,0.283834989,0.293202519,0.300856917,0.307278002,0.312779502,0.31755187,0.321741428,0.325455377,0.328780107,0.331783039,0.334502729,0.336972088,0.339228553,0.341307669,0.343235553,0.345027364,0.346695157,0.348249224,0.34970162,0.351064595,0.352349342,0.35356237,0.354708897,0.355793259,0.356820575,0.357796163,0.358724732,0.35960996,0.36045491,0.361262374,0.362034986,0.362775089,0.363484788,0.364165998,0.364820933,0.365451276,0.36605868,0.366644395,0.36720925,0.367754055,0.368279613,0.368786801,0.369276615,0.369750143,0.370208517,0.370652812,0.371084249,0.371503253,0.371910337,0.372306002,0.372690691,0.373064677,0.373428307,0.373781969,0.374126053,0.374460985,0.37478721,0.375105313,0.37541565,0.375718563,0.376014401,0.376303377,0.376585665,0.376861483,0.377131016,0.377394449,0.377651977,0.377903803,0.378150149,0.37839124,0.37862729,0.378858496,0.379085034,0.379307058,0.379524707,0.379738116,0.379947411,0.380152718,0.380354159,0.38055185,0.380745901,0.38093642,0.381123507
1.24,0.05,0.05,0.05,0.05,0.05,0.05,0.05,0.05,0.050000001,0.050000044,0.050006995,0.050386469,0.067796927,0.152279395,0.20476093,0.234998939,0.255294826,0.270178565,0.281680905,0.290864467,0.298443667,0.304852282,0.310351611,0.315137105,0.319348274,0.323095395,0.326462229,0.329496057,0.33223859,0.334736326,0.337031433,0.339153836,0.341121176,0.34294769,0.344645651,0.346229424,0.347713276,0.349109873,0.350426487,0.351669011,0.352842437,0.353952727,0.355005964,0.356007414,0.356961154,0.3578706,0.358738898,0.359569,0.360363518,0.361124797,0.361854972,0.362556505,0.363231264,0.363881071,0.364507288,0.365110824,0.365692572,0.366253425,0.366794371,0.367316526,0.3678211,0.368309341,0.36878241,0.369241619,0.369687421,0.370120369,0.370541004,0.37094981,0.371347085,0.371733208,0.37210861,0.372473723,0.372829015,0.373174972,0.373512232,0.373841173,0.374162164,0.374475574,0.374781634,0.37508053,0.375372496,0.375657733,0.375936443,0.376208839,0.376475144,0.376735601,0.376990451,0.377239923,0.37748423,0.377723557,0.37795807,0.378187918,0.378413246,0.37863419,0.378850886,0.379063464,0.379272048,0.37947676,0.379677711,0.379875011
1.28,0.05,0.05,0.05,0.05,0.05,0.05,0.05,0.05,0.05,0.050000004,0.050000402,0.050020055,0.051063482,0.076356187,0.156791169,0.204901521,0.233740523,0.253449635,0.267991008,0.279251191,0.288349431,0.295913858,0.302318847,0.307833249,0.312643423,0.316893115,0.32068816,0.324087743,0.327145679,0.329920243,0.332461735,0.334804703,0.336969981,0.338974551,0.340833193,0.342563131,0.344181036,0.345701288,0.347132049,0.348480024,0.349751004,0.350951959,0.352089865,0.353170618,0.35419875,0.355178091,0.356112195,0.357004379,0.35785756,0.358674361,0.359457164,0.360208713,0.360931088,0.361626298,0.362295826,0.362940674,0.363561827,0.364160283,0.364737155,0.365293695,0.365831254,0.366351201,0.366854794,0.367343441,0.367817627,0.368277948,0.368724989,0.369159276,0.369581138,0.369990992,0.370389314,0.370776581,0.371153311,0.371520035,0.371877444,0.372225945,0.37256593,0.372897796,0.373221789,0.373538109,0.373847007,0.374148701,0.374443412,0.374731375,0.375012833,0.37528805,0.375557287,0.375820791,0.376078786,0.376331472,0.376579025,0.376821605,0.377059368,0.377292461,0.377521029,0.377745214,0.377965149,0.378180963,0.378392776,0.378600706
1.32,0.05,0.05,0.05,0.05,0.05,0.05,0.05,0.05,0.05,0.05,0.050000018,0.05000091,0.050059445,0.051654971,0.083466546,0.160455068,0.204341954,0.232068375,0.251219266,0.265441291,0.276608406,0.285689784,0.293250904,0.299675169,0.305219584,0.310076273,0.314381756,0.318212022,0.321637866,0.324733051,0.327557984,0.330152959,0.332542987,0.334748569,0.336787691,0.33868114,0.340448477,0.342106092,0.3436632,0.345127493,0.346505741,0.347806138,0.349036693,0.350204024,0.351313193,0.352368508,0.353374002,0.35433341,0.355250002,0.356126717,0.356966223,0.357771584,0.358545119,0.359289046,0.360004987,0.360694045,0.361357308,0.361995897,0.362611071,0.363204236,0.363776896,0.364330558,0.364866583,0.365386483,0.365890778,0.36638011,0.366855113,0.367316362,0.367764217,0.368199139,0.368621653,0.36903229,0.36943162,0.369820225,0.370198852,0.37056794,0.370927907,0.371279177,0.371622014,0.371956631,0.3722833,0.372602257,0.372913746,0.373218021,0.373515352,0.373806024,0.374090319,0.374368502,0.374640812,0.374907463,0.375168642,0.375424521,0.375675268,0.375921042,0.376161998,0.376398289,0.376630059,0.376857444,0.377080576,0.377299578
1.36,0.05,0.05,0.05,0.05,0.05,0.05,0.05,0.05,0.05,0.05,0.05,0.050000032,0.05000326,0.050097356,0.052173258,0.089648812,0.160453232,0.203151037,0.229778891,0.24851093,0.262633881,0.273781633,0.282863834,0.290452331,0.29691569,0.302518658,0.307441853,0.311785949,0.315646062,0.319116607,0.322270752,0.325156128,0.327803339,0.330237454,0.332480617,0.334558104,0.336492969,0.338303981,0.340001624,0.341594803,0.343091506,0.344501415,0.345833745,0.347095944,0.348293689,0.349431855,0.350515038,0.351547455,0.352532784,0.353474328,0.354375084,0.355238484,0.356067119,0.356863443,0.357629228,0.358365695,0.359074053,0.359755561,0.360411645,0.361043889,0.361653972,0.362243548,0.362814092,0.363367226,0.36390351,0.364423636,0.364928294,0.365418111,0.365893485,0.366354922,0.366803007,0.367238327,0.367661513,0.3680732,0.368474199,0.368864981,0.369245993,0.369617687,0.369980345,0.370334199,0.37067954,0.371016625,0.37134572,0.371667107,0.37198108,0.37228795,0.372588019,0.372881574,0.373168869,0.373450131,0.37372556,0.373995343,0.374259659,0.374518678,0.37477257,0.375021498,0.375265616,0.375505072,0.375740005,0.375970549
1.4,0.05,0.05,0.05,0.05,0.05,0.05,0.05,0.05,0.05,0.05,0.05,0.050000001,0.050000176,0.050005658,0.050129591,0.053447085,0.093802516,0.159190788,0.200758153,0.226853829,0.245481174,0.25958271,0.270743944,0.279868671,0.287511759,0.29405212,0.299736295,0.304702955,0.309082821,0.312998311,0.316539049,0.319762339,0.32270644,0.325402443,0.327877979,0.330164027,0.3322879,0.334271217,0.336126018,0.337862725,0.33949085,0.3410219,0.3424665,0.343833062,0.345127987,0.346356824,0.347524834,0.348636798,0.349696863,0.350708759,0.351675862,0.352602027,0.35349016,0.354342975,0.355162417,0.355949839,0.356706589,0.357434088,0.35813396,0.358807984,0.359458039,0.360085943,0.360693292,0.361281828,0.361852156,0.362405023,0.36294118,0.363461314,0.363965864,0.364455389,0.364930538,0.365391965,0.365840365,0.366276434,0.366701052,0.367114723,0.367517925,0.367911142,0.368294676,0.368668776,0.369033756,0.369389897,0.36973749,0.370076845,0.370408284,0.370732147,0.371048758,0.371358425,0.37166142,0.371957983,0.37224833,0.372532661,0.372811168,0.373084036,0.373351446,0.373613576,0.37387059,0.374122646,0.374369894,0.374612477
1.44,0.05,0.05,0.05,0.05,0.05,0.05,0.05,0.05,0.05,0.05,0.05,0.05,0.050000009,0.050000325,0.050007682,0.050221678,0.053860433,0.094082572,0.15714489,0.197303082,0.22347169,0.2420949,0.256256448,0.267490768,0.276697112,0.284446293,0.291088126,0.296823135,0.301835362,0.306286003,0.310286492,0.313907388,0.317197653,0.32019648,0.322938851,0.325463067,0.327801696,0.329979818,0.332011415,0.333908837,0.335683525,0.337349238,0.338918259,0.340400125,0.341802104,0.343130553,0.344391525,0.345590457,0.346732049,0.347820531,0.348859718,0.349853954,0.350806509,0.351720392,0.352597739,0.353440059,0.35424886,0.355025754,0.35577259,0.356491378,0.357184215,0.357853105,0.358499772,0.35912609,0.359732712,0.360320449,0.360890119,0.361442478,0.361978009,0.362497332,0.363001169,0.363490248,0.363965336,0.364427195,0.364876781,0.365314634,0.365741265,0.36615719,0.366562737,0.36695817,0.367343832,0.367720026,0.368087075,0.368445317,0.368795108,0.369136815,0.369470791,0.369797363,0.370116822,0.370429425,0.370735403,0.37103497,0.371328333,0.371615692,0.371897243,0.372173177,0.372443668,0.372708888,0.372968998,0.37322415
1.48,0.05,0.05,0.05,0.05,0.05,0.05,0.05,0.05,0.05,0.05,0.05,0.05,0.05,0.050000018,0.050000453,0.05001388,0.050253624,0.054304312,0.092958398,0.153569269,0.193710968,0.219668593,0.238372235,0.252651925,0.264014597,0.273374913,0.281253252,0.287958094,0.293754999,0.298860419,0.303415767,0.30751057,0.311209108,0.314561704,0.317613375,0.320411943,0.322996531,0.325396498,0.327628304,0.329706789,0.331645863,0.333462085,0.33516969,0.336779555,0.338299991,0.339738334,0.341101588,0.34239596,0.343626808,0.344798944,0.345916701,0.346984992,0.34800751,0.348987595,0.349927603,0.35082922,0.351694145,0.352524214,0.353321539,0.354088392,0.354827121,0.355539929,0.356228684,0.356895402,0.357540792,0.358165734,0.358771124,0.359357793,0.359926275,0.360477262,0.361011554,0.361529966,0.362033344,0.362522523,0.362998541,0.363461977,0.363913378,0.364353295,0.364782082,0.365200023,0.365607488,0.366004811,0.366392346,0.366770465,0.367139558,0.367500026,0.367852248,0.368196576,0.368533319,0.368862753,0.369185124,0.369500663,0.369809593,0.37011213,0.370408486,0.370698865,0.370983455,0.37126244,0.371535994,0.371804279
1.52,0.05,0.05,0.05,0.05,0.05,0.05,0.05,0.05,0.05,0.05,0.05,0.05,0.05,0.050000001,0.050000026,0.050000857,0.050016365,0.050282838,0.054777145,0.091473452,0.149225098,0.188942912,0.215294062,0.234258452,0.248755387,0.260357448,0.269882397,0.277846292,0.28464057,0.290563741,0.29580041,0.300468635,0.304655138,0.308425936,0.311840022,0.314957761,0.317826587,0.320481262,0.322941476,0.325225341,0.327349971,0.329335425,0.331198257,0.332950958,0.334603107,0.336163246,0.337639525,0.339039068,0.340368011,0.341631859,0.342835557,0.343984685,0.345083427,0.3461355,0.347143509,0.348109355,0.349034955,0.349922413,0.35077415,0.351592737,0.352380806,0.353140783,0.353874687,0.354584696,0.355271577,0.355936293,0.356579826,0.357203091,0.357806683,0.358391371,0.358958049,0.359507627,0.360041041,0.360559203,0.361063245,0.361553786,0.362031411,0.362496712,0.362950067,0.363391785,0.363822268,0.364241879,0.364651011,0.365050072,0.365439492,0.365819706,0.366191123,0.366554121,0.366909029,0.367256141,0.367595724,0.367928023,0.368253281,0.36857173,0.3688836,0.36918911,0.369488463,0.369781855,0.370069473,0.370351492
1.56,0.05,0.05,0.05,0.05,0.05,0.05,0.05,0.05,0.05,0.05,0.05,0.05,0.05,0.05,0.050000002,0.050000052,0.050001044,0.05001834,0.050337742,0.05429957,0.087672886,0.143270624,0.183510497,0.210396378,0.229745207,0.244651557,0.256452205,0.266110991,0.274211382,0.281181582,0.28727221,0.292646761,0.297425607,0.301697633,0.305541707,0.309034997,0.312235683,0.315185505,0.317908483,0.320427097,0.322762678,0.324939695,0.326977478,0.328890493,0.330689885,0.332385695,0.333987469,0.335503422,0.336940633,0.338305433,0.339603495,0.340841183,0.342023259,0.343153871,0.344235911,0.34527153,0.346262913,0.347212478,0.348123008,0.348997421,0.349838672,0.350649429,0.351431881,0.352188378,0.352919762,0.353627085,0.354311428,0.354973803,0.355614874,0.356235496,0.356836674,0.357419421,0.357984776,0.358533739,0.35906754,0.359586842,0.360092272,0.360584466,0.361063832,0.361530703,0.361985516,0.36242867,0.362860598,0.363281752,0.363692603,0.364093626,0.364485259,0.36486791,0.365241929,0.365607633,0.365965304,0.36631521,0.366657611,0.36699276,0.367320903,0.367642278,0.367957102,0.368265587,0.368567931,0.368864326
1.6,0.05,0.05,0.05,0.05,0.05,0.05,0.05,0.05,0.05,0.05,0.05,0.05,0.05,0.05,0.05,0.050000003,0.050000066,0.050001183,0.050023009,0.050313486,0.053633131,0.082838171,0.136877868,0.177697637,0.20509239,0.224969502,0.240141994,0.252184723,0.262061135,0.270413504,0.277601174,0.283864632,0.289375853,0.294258447,0.298620204,0.30256123,0.30615396,0.309449402,0.312477539,0.3152668,0.317844138,0.320239631,0.322475962,0.324570067,0.326535044,0.328382829,0.330124674,0.331770115,0.333327378,0.33480379,0.336205894,0.337540988,0.338814519,0.340031121,0.341194027,0.342305689,0.343368608,0.344385584,0.345359823,0.346294646,0.34719337,0.348058938,0.348893718,0.349700259,0.350479484,0.351232549,0.351960649,0.352664906,0.35334606,0.354005072,0.354643067,0.355261182,0.355860564,0.356442314,0.357007768,0.35755764,0.3580926,0.35861333,0.359120273,0.359613791,0.360094358,0.360562414,0.361018438,0.361462928,0.361896404,0.362319382,0.362732334,0.363135698,0.363529848,0.363915123,0.364291827,0.364660248,0.365020669,0.365373361,0.365718593,0.366056619,0.366387674,0.366711984,0.367029765,0.367341221
1.64,0.05,0.05,0.05,0.05,0.05,0.05,0.05,0.05,0.05,0.05,0.05,0.05,0.05,0.05,0.05,0.05,0.050000004,0.050000076,0.050001544,0.050022156,0.050263548,0.052962352,0.077291959,0.12948536,0.170736883,0.199054108,0.219560245,0.235162934,0.247574421,0.257822732,0.266462186,0.273874189,0.280310994,0.285951939,0.290947842,0.295430935,0.299493167,0.303198243,0.306584626,0.309689001,0.312545946,0.315192729,0.317656143,0.319956276,0.322108702,0.324127783,0.326026876,0.327817138,0.3295082,0.331108603,0.332625945,0.334068639,0.335442949,0.336754066,0.33800563,0.339200456,0.340341426,0.3414318,0.342475289,0.343475674,0.34443669,0.345361582,0.346252917,0.347113464,0.347944244,0.348746532,0.349521653,0.350270856,0.350994972,0.351695079,0.352372444,0.353028341,0.353664042,0.354280757,0.35487994,0.355462357,0.356028729,0.356579789,0.357116018,0.357637808,0.358145676,0.358640109,0.359121637,0.359590813,0.360048207,0.36049438,0.360929842,0.361355064,0.361770446,0.362176349,0.362573103,0.362961018,0.363340399,0.363711543,0.364074739,0.36443026,0.36477836,0.365119282,0.365453258,0.365780509
1.68,0.05,0.05,0.05,0.05,0.05,0.05,0.05,0.05,0.05,0.05,0.05,0.05,0.05,0.05,0.05,0.05,0.05,0.050000005,0.050000102,0.05000154,0.050018795,0.050215286,0.052405617,0.071721031,0.121075219,0.162574692,0.192230339,0.213497573,0.229775798,0.242745018,0.253376732,0.262322578,0.269960442,0.276565814,0.282354822,0.287506216,0.292139758,0.296337173,0.300149401,0.303624822,0.306808551,0.309747156,0.312472571,0.315009002,0.317375201,0.319588701,0.321665466,0.323618672,0.325459697,0.327198577,0.328844197,0.330406314,0.331892181,0.333307625,0.334656776,0.335942894,0.337169329,0.338339898,0.339458907,0.340530678,0.341559419,0.342548711,0.343501342,0.344420329,0.345306811,0.346162202,0.346987974,0.347785524,0.348555789,0.349299982,0.350019533,0.350715874,0.351390417,0.352044492,0.352679683,0.353296816,0.353896662,0.354480013,0.355047392,0.355599226,0.356136081,0.356658496,0.35716706,0.357662385,0.358145099,0.358615812,0.359075075,0.359523394,0.359961197,0.360388872,0.360806773,0.361215236,0.361614593,0.362005165,0.362387265,0.362761189,0.363127208,0.363485586,0.363836573,0.364180404
1.72,0.05,0.05,0.05,0.05,0.05,0.05,0.05,0.05,0.05,0.05,0.05,0.05,0.05,0.05,0.05,0.05,0.05,0.05,0.050000007,0.050000106,0.050001327,0.050015444,0.050177258,0.05184953,0.066312574,0.10965039,0.152997562,0.184432016,0.206931111,0.224179413,0.237580586,0.248688323,0.257934477,0.265802869,0.272609122,0.278602533,0.28394453,0.288743429,0.293069265,0.296987336,0.300557634,0.303838868,0.306869594,0.309679518,0.312291553,0.314727439,0.317006399,0.319144173,0.321154332,0.323048778,0.324837981,0.326533337,0.328143303,0.329674437,0.331131471,0.332518216,0.3338386,0.335097118,0.336298785,0.337448552,0.338551171,0.339610601,0.340629868,0.341612281,0.342559114,0.343471944,0.344352418,0.345202104,0.346022058,0.346813655,0.347578513,0.348318242,0.349034413,0.349728489,0.3504022,0.351056432,0.351692016,0.352309808,0.35291038,0.353494196,0.354061879,0.354614026,0.355151295,0.355674362,0.356183921,0.356680637,0.357165101,0.35763786,0.358099373,0.358550055,0.358990289,0.359420441,0.359840869,0.360251923,0.360653942,0.361047245,0.361432124,0.361808866,0.362177737,0.362538993
1.76,0.05,0.05,0.05,0.05,0.05,0.05,0.05,0.05,0.05,0.05,0.05,0.05,0.05,0.05,0.05,0.05,0.05,0.05,0.05,0.050000007,0.050000093,0.050001101,0.05001286,0.050138398,0.051425542,0.063281685,0.098257545,0.142636496,0.176046795,0.200452855,0.217785096,0.232164188,0.24364583,0.25323116,0.261383361,0.268465891,0.274706511,0.280254562,0.285210544,0.289664824,0.293698914,0.29738754,0.300778128,0.303907894,0.306805319,0.309497829,0.312008753,0.314357166,0.316559415,0.318629768,0.32058067,0.32242554,0.324174314,0.325834387,0.327411256,0.328909416,0.330333514,0.331688879,0.332981373,0.334216683,0.335400188,0.336536268,0.337628217,0.338679682,0.339692102,0.340667243,0.341606958,0.342513011,0.343386605,0.344229298,0.345042931,0.345829316,0.346590202,0.347327203,0.348042206,0.348736168,0.349409984,0.350064582,0.350700587,0.35131851,0.351919035,0.352502829,0.353070624,0.353623172,0.35416124,0.354685549,0.355196738,0.355695396,0.356182016,0.356657046,0.3571209,0.357573972,0.358016656,0.35844933,0.358872363,0.359286099,0.359690854,0.360086935,0.360474632,0.360854223
1.8,0.05,0.05,0.05,0.05,0.05,0.05,0.05,0.05,0.05,0.05,0.05,0.05,0.05,0.05,0.05,0.05,0.05,0.05,0.05,0.05,0.050000006,0.050000078,0.050000926,0.050010193,0.050110907,0.051395926,0.060081136,0.088990702,0.133009341,0.167072008,0.192546703,0.211307367,0.226151707,0.238190528,0.248197769,0.256734597,0.264147046,0.270649874,0.276394954,0.281510644,0.286110531,0.290290695,0.294111076,0.297619356,0.300851688,0.303843308,0.306622786,0.309213634,0.311635754,0.313906475,0.316040722,0.318054445,0.319959417,0.321764003,0.32347468,0.325096806,0.326635934,0.328098423,0.329491151,0.330820672,0.332093086,0.333313249,0.334484757,0.335611658,0.336695583,0.337738532,0.338742592,0.339709765,0.34064142,0.341539338,0.342405612,0.343242293,0.344051327,0.344834497,0.345593867,0.346330469,0.347045271,0.347739282,0.348413188,0.349067552,0.349703131,0.350320669,0.350920985,0.351504917,0.352073308,0.352626947,0.353166523,0.353692671,0.35420592,0.354706754,0.355195622,0.355672953,0.356139176,0.356594703,0.357039934,0.357475241,0.357900966,0.358317442,0.358724981,0.359123882
1.84,0.05,0.05,0.05,0.05,0.05,0.05,0.05,0.05,0.05,0.05,0.05,0.05,0.05,0.05,0.05,0.05,0.05,0.05,0.05,0.05,0.05,0.050000005,0.050000066,0.050000744,0.050008437,0.050125845,0.051200888,0.057129454,0.079078144,0.121883963,0.157148762,0.183839524,0.203908231,0.219621612,0.232314034,0.242874063,0.251865629,0.259620103,0.266378036,0.272327519,0.277631514,0.282414986,0.28675666,0.290719073,0.294349353,0.297693625,0.300787258,0.303659833,0.306335849,0.308836684,0.31118041,0.313386195,0.315468123,0.317435675,0.319296625,0.321057435,0.3227248,0.324306365,0.325810231,0.327243979,0.328614546,0.329927326,0.331186259,0.33239587,0.333558031,0.334675016,0.335749191,0.336782839,0.337777528,0.3387353,0.339658547,0.340549592,0.341410606,0.342243561,0.343050716,0.343833189,0.344592028,0.345328336,0.346042869,0.346736249,0.347409315,0.348062902,0.34869793,0.34931533,0.349916036,0.350500905,0.351070682,0.351626055,0.352167592,0.352695818,0.353211218,0.353714261,0.354205416,0.354685133,0.355153846,0.355611958,0.356059839,0.356497847,0.356926324,0.357345593
1.88,0.05,0.05,0.05,0.05,0.05,0.05,0.05,0.05,0.05,0.05,0.05,0.05,0.05,0.05,0.05,0.05,0.05,0.05,0.05,0.05,0.05,0.05,0.050000005,0.050000054,0.050000634,0.050010877,0.050123889,0.050853555,0.054550018,0.070488897,0.107894256,0.145420039,0.174026175,0.195708717,0.21253307,0.226066433,0.237263923,0.246715251,0.254813424,0.261842243,0.268043787,0.273582883,0.278568469,0.283084499,0.287194568,0.290960157,0.294425687,0.297629266,0.300601419,0.303369002,0.305954125,0.308380135,0.310664049,0.312816639,0.314847438,0.316764328,0.31857547,0.32029012,0.32191786,0.323467492,0.324946928,0.326362183,0.327717588,0.329018252,0.33026634,0.331464455,0.332615298,0.333721484,0.334784825,0.335807668,0.336792761,0.337742737,0.338660024,0.339546806,0.340405564,0.341237508,0.342043778,0.342825583,0.343583761,0.344319002,0.345032243,0.345724421,0.346396571,0.347049733,0.34768494,0.348303125,0.348905093,0.349491589,0.350063227,0.350620576,0.351164164,0.351694504,0.352212107,0.352717468,0.353211057,0.353693312,0.354164632,0.354625408,0.355076009,0.355516786
1.92,0.05,0.05,0.05,0.05,0.05,0.05,0.05,0.05,0.05,0.05,0.05,0.05,0.05,0.05,0.05,0.05,0.05,0.05,0.05,0.05,0.05,0.05,0.05,0.050000004,0.050000047,0.050000915,0.050012209,0.050093265,0.050526753,0.052773198,0.063587444,0.094106349,0.132340423,0.163222216,0.186807532,0.20488487,0.219409751,0.231249297,0.241191399,0.249663172,0.257042974,0.263551635,0.269350144,0.274553774,0.279252346,0.283529079,0.287440981,0.291038412,0.294359956,0.297440054,0.300306071,0.302986905,0.305503336,0.307867639,0.310091787,0.312185516,0.31415888,0.316023173,0.317789781,0.319468966,0.321069791,0.322598983,0.324061333,0.325462673,0.326805528,0.3280929,0.329327891,0.330513519,0.331651886,0.332745708,0.33379815,0.334812208,0.335790599,0.33673575,0.337650387,0.338535829,0.339393316,0.340224181,0.341029361,0.341809621,0.342566011,0.343299591,0.344011527,0.344702981,0.345375097,0.346028891,0.346665235,0.347284938,0.347888665,0.348477033,0.349050618,0.349609983,0.35015569,0.350688278,0.351208261,0.351716113,0.352212268,0.352697152,0.353171164,0.353634685
1.96,0.05,0.05,0.05,0.05,0.05,0.05,0.05,0.05,0.05,0.05,0.05,0.05,0.05,0.05,0.05,0.05,0.05,0.05,0.05,0.05,0.05,0.05,0.05,0.05,0.050000003,0.050000075,0.050001167,0.050009818,0.050057801,0.050311755,0.051714508,0.05916579,0.082364463,0.118881296,0.152260622,0.176894953,0.196810227,0.212127573,0.224715282,0.235207816,0.244189286,0.251978767,0.258831097,0.264907617,0.270343073,0.275251146,0.279707559,0.283780544,0.287519823,0.290970547,0.294167055,0.297145823,0.299932502,0.302541117,0.304987134,0.307282731,0.30944043,0.311474127,0.313397414,0.31522232,0.31695927,0.318615829,0.320197332,0.321710521,0.323158366,0.324544362,0.325872088,0.327145058,0.328365725,0.329537249,0.330663291,0.331747266,0.332792224,0.333800866,0.334776197,0.335719656,0.336632602,0.337516513,0.338372436,0.33920123,0.340004076,0.340782176,0.341536848,0.342269395,0.342981081,0.343673015,0.344346144,0.345001347,0.345639347,0.346260814,0.346866379,0.347456663,0.348032282,0.348593828,0.34914186,0.349676894,0.350199404,0.350709852,0.351208672,0.35169628
2,0.05,0.05,0.05,0.05,0.05,0.05,0.05,0.05,0.05,0.05,0.05,0.05,0.05,0.05,0.05,0.05,0.05,0.05,0.05,0.05,0.05,0.05,0.05,0.05,0.05,0.050000006,0.050000109,0.050001004,0.050006196,0.050034138,0.050190561,0.051180579,0.055963422,0.072230714,0.104808949,0.140101319,0.166065041,0.187602471,0.20401692,0.217586037,0.22880765,0.23836484,0.246625055,0.253840208,0.260221391,0.265925885,0.271059456,0.275716535,0.279963113,0.283859614,0.287449951,0.290781237,0.293885471,0.296778753,0.29948168,0.302009677,0.304378516,0.30660545,0.308706785,0.310696711,0.312587285,0.314387073,0.316102066,0.317740173,0.319304917,0.3208004,0.322230784,0.323600192,0.324911506,0.326168425,0.327375202,0.32853574,0.329653471,0.330731409,0.331772876,0.332779451,0.333752628,0.334694057,0.335604916,0.336486172,0.337339161,0.338165254,0.338965942,0.33974269,0.340496898,0.341229774,0.34194235,0.342635583,0.343310262,0.343967118,0.344606843,0.345230123,0.345837636,0.346430034,0.347007927,0.347571877,0.3481224,0.34866,0.349185151,0.349698305
2.04,0.05,0.05,0.05,0.05,0.05,0.05,0.05,0.05,0.05,0.05,0.05,0.05,0.05,0.05,0.05,0.05,0.05,0.05,0.05,0.05,0.05,0.05,0.05,0.05,0.05,0.05,0.05000001,0.0500001,0.05000065,0.050003691,0.050020842,0.050136248,0.050768739,0.053631065,0.063924787,0.090141901,0.125593022,0.154153148,0.177020439,0.19528881,0.209853967,0.221948116,0.232163709,0.240910264,0.248542408,0.255276279,0.261271851,0.266660732,0.271534956,0.275976472,0.280043117,0.283797316,0.287279406,0.290508025,0.293511513,0.29630966,0.298922542,0.301371798,0.303677108,0.305855332,0.307920512,0.30988243,0.31174789,0.313526322,0.315221942,0.316839604,0.318384186,0.319860572,0.321272175,0.322623346,0.32391905,0.325163763,0.326361355,0.327515203,0.328628992,0.329704458,0.330743259,0.331747246,0.332717756,0.333655882,0.334563142,0.335441108,0.336291474,0.337115887,0.337915899,0.338692831,0.339447805,0.34018187,0.340895887,0.341590659,0.342266946,0.342925509,0.343567098,0.344192429,0.344802169,0.345396931,0.34597728,0.346543768,0.347096913,0.347637206
2.08,0.05,0.05,0.05,0.05,0.05,0.05,0.05,0.05,0.05,0.05,0.05,0.05,0.05,0.05,0.05,0.05,0.05,0.05,0.05,0.05,0.05,0.05,0.05,0.05,0.05,0.05,0.050000001,0.05000001,0.050000067,0.050000393,0.050002263,0.050015334,0.050091803,0.050466938,0.051976262,0.058212659,0.077352578,0.109456409,0.141956849,0.165567824,0.186201124,0.20143231,0.214748541,0.225445704,0.234831694,0.242904936,0.250033565,0.256358532,0.262027049,0.267147761,0.271800684,0.276070459,0.280008689,0.283637302,0.286996609,0.290112294,0.293010185,0.295717747,0.29825888,0.300653801,0.302919012,0.30506581,0.307102023,0.309039109,0.310882146,0.312636933,0.314309235,0.315904901,0.317428001,0.318883689,0.320277789,0.321615448,0.322901046,0.324138379,0.325331553,0.32648249,0.327593037,0.328665292,0.329700777,0.330700738,0.331666913,0.332601107,0.333505253,0.334381207,0.33523069,0.336055145,0.336855802,0.337633812,0.338390118,0.339125603,0.339841108,0.340537479,0.341215547,0.341876101,0.342519872,0.343147531,0.343759698,0.344356975,0.344939931,0.345509105
2.12,0.05,0.05,0.05,0.05,0.05,0.05,0.05,0.05,0.05,0.05,0.05,0.05,0.05,0.05,0.05,0.05,0.05,0.05,0.05,0.05,0.05,0.05,0.05,0.05,0.05,0.05,0.05,0.050000001,0.050000007,0.050000041,0.050000243,0.050001704,0.050010683,0.050057045,0.050247804,0.051094173,0.054675455,0.067651944,0.09339724,0.126168546,0.152577369,0.17576936,0.192246814,0.206576285,0.218251686,0.228230274,0.236890238,0.244448475,0.251151386,0.257137561,0.262527631,0.26743796,0.271936023,0.276048668,0.279835038,0.283328822,0.286563569,0.289574641,0.292391271,0.295037988,0.297534414,0.299893771,0.302125224,0.304242978,0.306253191,0.308162857,0.309978854,0.311708273,0.313356001,0.314928189,0.316431702,0.317872482,0.319255501,0.320585051,0.321865726,0.323099665,0.324288947,0.325435968,0.326542472,0.327609891,0.328640222,0.329635555,0.330598097,0.331529945,0.332433009,0.333308871,0.334158879,0.334984303,0.335786181,0.336565488,0.337323156,0.338060133,0.338777338,0.339475647,0.340155857,0.340818708,0.34146488,0.342095037,0.342709801,0.343309763
2.16,0.05,0.05,0.05,0.05,0.05,0.05,0.05,0.05,0.05,0.05,0.05,0.05,0.05,0.05,0.05,0.05,0.05,0.05,0.05,0.05,0.05,0.05,0.05,0.05,0.05,0.05,0.05,0.05,0.050000001,0.050000004,0.050000026,0.050000187,0.050001222,0.050006815,0.050030298,0.050135411,0.050602728,0.052839977,0.060780944,0.080416083,0.110816891,0.139582757,0.162783781,0.182351454,0.197410624,0.210396325,0.221125259,0.230405581,0.238495957,0.245615155,0.251953327,0.257680697,0.262879261,0.267587139,0.271894339,0.275845291,0.279483779,0.282856148,0.285998491,0.28894102,0.291707418,0.29431343,0.296770014,0.299095172,0.30129641,0.303382245,0.305360978,0.307241322,0.309029193,0.31073198,0.312357827,0.313913614,0.315405018,0.316836912,0.318214469,0.319540086,0.320816125,0.322045347,0.323229768,0.32437104,0.325471477,0.326533509,0.327559666,0.32855232,0.329513595,0.330445224,0.331348699,0.33222542,0.333076538,0.333903132,0.334706243,0.335486933,0.336246227,0.336985092,0.337704408,0.338404985,0.339087579,0.339752917,0.340401685,0.341034532
2.2,0.05,0.05,0.05,0.05,0.05,0.05,0.05,0.05,0.05,0.05,0.05,0.05,0.05,0.05,0.05,0.05,0.05,0.05,0.05,0.05,0.05,0.05,0.05,0.05,0.05,0.05,0.05,0.05,0.05,0.05,0.050000003,0.05000002,0.050000138,0.0500008,0.050003649,0.05001654,0.050074341,0.050373629,0.051641922,0.056038498,0.068891317,0.094684969,0.125423936,0.149848957,0.171350726,0.187806783,0.201872646,0.213472811,0.223446226,0.232111499,0.239735182,0.24649094,0.252581098,0.25804291,0.262999455,0.267512571,0.271642715,0.27545186,0.278984631,0.282279065,0.28536435,0.288259595,0.290978251,0.293543686,0.29596507,0.29825288,0.300417272,0.302469119,0.304415629,0.306265753,0.30802921,0.309714005,0.311326653,0.312872727,0.314358083,0.315785434,0.317157495,0.318477478,0.319747729,0.320970171,0.322147501,0.323282564,0.324378264,0.325437295,0.326462017,0.327454337,0.328415909,0.329348292,0.330252763,0.331130524,0.33198274,0.33281061,0.333615279,0.334397818,0.335159197,0.335900312,0.336622,0.337325064,0.33801026,0.338678303
2.24,0.05,0.05,0.05,0.05,0.05,0.05,0.05,0.05,0.05,0.05,0.05,0.05,0.05,0.05,0.05,0.05,0.05,0.05,0.05,0.05,0.05,0.05,0.05,0.05,0.05,0.05,0.05,0.05,0.05,0.05,0.05,0.050000002,0.050000015,0.050000092,0.050000433,0.050002002,0.05000909,0.050047154,0.050220062,0.050871218,0.053170507,0.060801446,0.079676754,0.108435344,0.135989227,0.158261553,0.177222242,0.192342923,0.205066817,0.215903763,0.225317878,0.233432463,0.240684244,0.247125025,0.252910789,0.2581305,0.262870955,0.267217781,0.271226122,0.274945299,0.27841228,0.281650744,0.284677778,0.287524476,0.290202029,0.292723466,0.295101422,0.297349693,0.299477127,0.301494652,0.303413955,0.30524439,0.306993494,0.308667681,0.310273638,0.311814464,0.313293317,0.314713978,0.316079196,0.317391227,0.31865324,0.319868581,0.321040597,0.322172352,0.323266473,0.324325065,0.325349978,0.326342948,0.327305406,0.328238691,0.329144122,0.330023056,0.330876772,0.331706464,0.332513201,0.33329798,0.33406173,0.334805341,0.335529648,0.336235443
2.28,0.05,0.05,0.05,0.05,0.05,0.05,0.05,0.05,0.05,0.05,0.05,0.05,0.05,0.05,0.05,0.05,0.05,0.05,0.05,0.05,0.05,0.05,0.05,0.05,0.05,0.05,0.05,0.05,0.05,0.05,0.05,0.05,0.050000002,0.050000011,0.050000051,0.05000024,0.050001105,0.050005864,0.050028488,0.05011718,0.05044034,0.051618287,0.055817299,0.068032453,0.091530125,0.119833247,0.144285493,0.165430926,0.181848625,0.195921082,0.207754175,0.21786156,0.226668305,0.234415904,0.241290416,0.247422288,0.252938895,0.257961911,0.26256048,0.266801007,0.270731983,0.274383279,0.27777766,0.280957549,0.283936496,0.286730893,0.289356806,0.29183206,0.294167573,0.296376817,0.298473956,0.300469984,0.302373701,0.304192553,0.305934245,0.307602354,0.309200613,0.310733524,0.312204329,0.313615699,0.314971385,0.316275353,0.317531467,0.318743222,0.319913544,0.321044771,0.322138983,0.323198129,0.324223814,0.325217545,0.326180821,0.327115184,0.328022071,0.328902812,0.329758591,0.330590523,0.331399644,0.332186941,0.33295334,0.333699722
2.32,0.05,0.05,0.05,0.05,0.05,0.05,0.05,0.05,0.05,0.05,0.05,0.05,0.05,0.05,0.05,0.05,0.05,0.05,0.05,0.05,0.05,0.05,0.05,0.05,0.05,0.05,0.05,0.05,0.05,0.05,0.05,0.05,0.05,0.050000001,0.050000006,0.050000028,0.050000133,0.050000722,0.050003623,0.050015374,0.050058898,0.050220093,0.050830649,0.052965818,0.059982663,0.076917104,0.102795134,0.12886606,0.151550473,0.170382113,0.18518887,0.198867896,0.210056065,0.21932937,0.227592885,0.234964815,0.241535547,0.247421195,0.252767918,0.257662331,0.262168038,0.266322973,0.270161254,0.273741363,0.27707946,0.280196413,0.283113274,0.2858535,0.288430625,0.29086142,0.293163221,0.295349036,0.297429262,0.299412629,0.301308103,0.303119878,0.304852435,0.306511197,0.308100025,0.309622104,0.311081918,0.312484193,0.313833404,0.315133548,0.316387891,0.317599043,0.318769366,0.319901057,0.320995932,0.322055688,0.323082048,0.324076772,0.325041478,0.325977651,0.32688661,0.327769606,0.328627797,0.329462286,0.330274101,0.331064225
2.36,0.05,0.05,0.05,0.05,0.05,0.05,0.05,0.05,0.05,0.05,0.05,0.05,0.05,0.05,0.05,0.05,0.05,0.05,0.05,0.05,0.05,0.05,0.05,0.05,0.05,0.05,0.05,0.05,0.05,0.05,0.05,0.05,0.05,0.05,0.050000001,0.050000003,0.050000016,0.050000088,0.050000455,0.050001983,0.050007752,0.050029385,0.050112192,0.050409309,0.051507932,0.055215204,0.065704525,0.08653428,0.112473029,0.136568263,0.157291103,0.174695745,0.188660736,0.200807649,0.211217177,0.220235252,0.228178209,0.235228894,0.241549261,0.247278029,0.252511063,0.257292678,0.261676025,0.265744706,0.269517105,0.273020179,0.27628259,0.279335771,0.282196533,0.284885981,0.287425594,0.289830888,0.292114329,0.294286266,0.296357264,0.298332316,0.300216908,0.302017653,0.303739181,0.305385332,0.306961517,0.308473407,0.309926193,0.311324464,0.31267187,0.313971356,0.315225621,0.316437162,0.317608037,0.318740182,0.319835586,0.32089627,0.321924058,0.322920617,0.323887419,0.32482588,0.325737299,0.32662291,0.327483861,0.328321252
2.4,0.05,0.05,0.05,0.05,0.05,0.05,0.05,0.05,0.05,0.05,0.05,0.05,0.05,0.05,0.05,0.05,0.05,0.05,0.05,0.05,0.05,0.05,0.05,0.05,0.05,0.05,0.05,0.05,0.05,0.05,0.05,0.05,0.05,0.05,0.05,0.05,0.050000002,0.050000011,0.050000056,0.050000252,0.050001006,0.050003882,0.050014981,0.050054996,0.050206107,0.050753818,0.05262916,0.058369913,0.072454185,0.095397803,0.121055974,0.142713265,0.161208897,0.177450271,0.190945407,0.202323167,0.212187942,0.220849023,0.228473426,0.235297855,0.241476276,0.247051549,0.252117628,0.256794438,0.261101151,0.265073232,0.268751844,0.272179704,0.275377676,0.278372644,0.281191625,0.283853327,0.286372971,0.28876298,0.291035977,0.293198028,0.295255986,0.297218023,0.299089732,0.300875793,0.302582807,0.304217626,0.305786284,0.307294065,0.308745066,0.310142642,0.311489912,0.312789726,0.314044435,0.31525626,0.316427526,0.317560557,0.318657421,0.319719989,0.320749918,0.32174882,0.322718156,0.323659315,0.324573582,0.325462197
2.44,0.05,0.05,0.05,0.05,0.05,0.05,0.05,0.05,0.05,0.05,0.05,0.05,0.05,0.05,0.05,0.05,0.05,0.05,0.05,0.05,0.05,0.05,0.05,0.05,0.05,0.05,0.05,0.05,0.05,0.05,0.05,0.05,0.05,0.05,0.05,0.05,0.05,0.050000001,0.050000007,0.050000032,0.050000129,0.050000507,0.050001985,0.050007342,0.050027701,0.050102954,0.050372517,0.051286441,0.054231801,0.062456864,0.07889444,0.10175013,0.1265641,0.147019562,0.164498016,0.179573637,0.192649489,0.203449991,0.212885898,0.221244556,0.228696347,0.235253146,0.24120186,0.246655911,0.251634742,0.256185505,0.260373652,0.264257299,0.267862142,0.271222878,0.274374165,0.277338901,0.280136088,0.28278083,0.285288456,0.287666524,0.289923792,0.292070473,0.29411339,0.296058308,0.297913384,0.299686951,0.301386029,0.303016733,0.304583683,0.306090756,0.307541588,0.308939456,0.31028706,0.311586976,0.312841947,0.314054656,0.315227454,0.31636245,0.317461522,0.318526517,0.319559089,0.3205608,0.321533101,0.322477397
2.48,0.05,0.05,0.05,0.05,0.05,0.05,0.05,0.05,0.05,0.05,0.05,0.05,0.05,0.05,0.05,0.05,0.05,0.05,0.05,0.05,0.05,0.05,0.05,0.05,0.05,0.05,0.05,0.05,0.05,0.05,0.05,0.05,0.05,0.05,0.05,0.05,0.05,0.05,0.050000001,0.050000004,0.050000016,0.050000065,0.050000261,0.050000974,0.050003703,0.050013884,0.05005104,0.050180632,0.050624978,0.052090514,0.056526336,0.067093645,0.084683213,0.107655783,0.131080554,0.151604296,0.167375586,0.181716068,0.193910313,0.204408083,0.21349427,0.221417335,0.228546119,0.235011257,0.240846811,0.246125889,0.250951334,0.255399956,0.259504222,0.26330976,0.266862049,0.27018971,0.27331709,0.276262801,0.279045815,0.281675854,0.284164363,0.286524267,0.288763963,0.290890645,0.292914533,0.294845827,0.2966927,0.298462265,0.300159779,0.301789789,0.303356576,0.304863935,0.306314987,0.307712757,0.309060515,0.310361367,0.311617995,0.312832785,0.314007887,0.315145435,0.316247299,0.317315253,0.318350939,0.319355959
2.52,0.05,0.05,0.05,0.05,0.05,0.05,0.05,0.05,0.05,0.05,0.05,0.05,0.05,0.05,0.05,0.05,0.05,0.05,0.05,0.05,0.05,0.05,0.05,0.05,0.05,0.05,0.05,0.05,0.05,0.05,0.05,0.05,0.05,0.05,0.05,0.05,0.05,0.05,0.05,0.05,0.050000002,0.050000008,0.050000034,0.050000128,0.050000493,0.050001861,0.050006917,0.050024831,0.050087767,0.050305185,0.05109562,0.053859237,0.06033209,0.072766686,0.090490346,0.112102898,0.13519206,0.154350031,0.170294451,0.183307937,0.194511512,0.204910108,0.213772142,0.221467128,0.228328074,0.234558322,0.240216904,0.245381357,0.250109055,0.254465246,0.258511182,0.262279911,0.265805719,0.269111677,0.272221772,0.275148958,0.277908566,0.280517126,0.282985084,0.285321543,0.287539522,0.289651567,0.291667195,0.293594741,0.29544026,0.297209183,0.298906595,0.300536923,0.302103804,0.303610847,0.305061984,0.30646082,0.307810424,0.309113514,0.31037258,0.311590099,0.312768194,0.313908893,0.315014065,0.316085548
2.56,0.05,0.05,0.05,0.05,0.05,0.05,0.05,0.05,0.05,0.05,0.05,0.05,0.05,0.05,0.05,0.05,0.05,0.05,0.05,0.05,0.05,0.05,0.05,0.05,0.05,0.05,0.05,0.05,0.05,0.05,0.05,0.05,0.05,0.05,0.05,0.05,0.05,0.05,0.05,0.05,0.05,0.050000001,0.050000004,0.050000017,0.050000065,0.050000248,0.050000931,0.05000338,0.050012129,0.050043106,0.050167893,0.050690129,0.052140579,0.055757028,0.063859372,0.077357032,0.096472845,0.118956757,0.139560918,0.157078409,0.171627537,0.184574275,0.195733949,0.205195892,0.213528095,0.221037067,0.227794179,0.233885488,0.239410814,0.24446553,0.249130447,0.25344421,0.257458988,0.261202818,0.264706514,0.267988508,0.271069754,0.27397156,0.276707077,0.279288023,0.281731294,0.284052364,0.286262318,0.28837102,0.290385571,0.29231258,0.294158141,0.29592746,0.297624817,0.299254589,0.300821555,0.302329897,0.303783149,0.305184426,0.30653665,0.307842718,0.309105043,0.310325956,0.311507607,0.312652118
2.6,0.05,0.05,0.05,0.05,0.05,0.05,0.05,0.05,0.05,0.05,0.05,0.05,0.05,0.05,0.05,0.05,0.05,0.05,0.05,0.05,0.05,0.05,0.05,0.05,0.05,0.05,0.05,0.05,0.05,0.05,0.05,0.05,0.05,0.05,0.05,0.05,0.05,0.05,0.05,0.05,0.05,0.05,0.050000001,0.050000002,0.050000009,0.050000033,0.050000125,0.050000457,0.05000166,0.050006001,0.050024917,0.050114673,0.050390464,0.051165352,0.053291097,0.057948078,0.066542642,0.081018788,0.100923666,0.123168072,0.143535324,0.15887001,0.17244882,0.184911363,0.19574746,0.205002789,0.213119038,0.220442949,0.227054544,0.233034473,0.238449354,0.243458196,0.248088027,0.252374151,0.256357503,0.260069449,0.263537557,0.266789663,0.269842561,0.272711633,0.275419293,0.27798459,0.280420456,0.282738725,0.284947942,0.2870563,0.289071154,0.290998687,0.292843997,0.294612503,0.296310058,0.297941506,0.299510948,0.30102199,0.302478108,0.303882708,0.305238541,0.306548307,0.307814502,0.309039593
2.64,0.05,0.05,0.05,0.05,0.05,0.05,0.05,0.05,0.05,0.05,0.05,0.05,0.05,0.05,0.05,0.05,0.05,0.05,0.05,0.05,0.05,0.05,0.05,0.05,0.05,0.05,0.05,0.05,0.05,0.05,0.05,0.05,0.05,0.05,0.05,0.05,0.05,0.05,0.05,0.05,0.05,0.05,0.05,0.05,0.050000001,0.050000004,0.050000017,0.050000061,0.050000225,0.050000827,0.05000363,0.05001846,0.05006779,0.050218019,0.050670765,0.051796598,0.054169315,0.059100003,0.068819625,0.084048733,0.104106375,0.125926315,0.144690292,0.16009799,0.173279405,0.184960446,0.195392659,0.204454817,0.212443092,0.219604135,0.226134824,0.232033265,0.237439519,0.242403001,0.246985889,0.251227927,0.255168784,0.25884557,0.262280132,0.265493129,0.268515032,0.271369052,0.27407038,0.276633491,0.279069026,0.281387297,0.283597246,0.285706294,0.287720622,0.289647084,0.291492889,0.293263641,0.294964136,0.296598605,0.29817125,0.29968609,0.301146268,0.302554942,0.303915046,0.305229464
2.68,0.05,0.05,0.05,0.05,0.05,0.05,0.05,0.05,0.05,0.05,0.05,0.05,0.05,0.05,0.05,0.05,0.05,0.05,0.05,0.05,0.05,0.05,0.05,0.05,0.05,0.05,0.05,0.05,0.05,0.05,0.05,0.05,0.05,0.05,0.05,0.05,0.05,0.05,0.05,0.05,0.05,0.05,0.05,0.05,0.05,0.050000001,0.050000002,0.050000008,0.05000003,0.050000113,0.050000521,0.050002909,0.050011444,0.050039308,0.050129597,0.050368888,0.050895997,0.052056533,0.054710605,0.060425547,0.070998262,0.087542293,0.10795451,0.12725348,0.144762925,0.160024311,0.173384467,0.184821051,0.194802844,0.20367084,0.211651638,0.218721541,0.225155946,0.23099959,0.236337855,0.24124416,0.245773647,0.249974318,0.253875162,0.257504696,0.260905775,0.264105707,0.267122768,0.269975135,0.272676646,0.275240383,0.277677292,0.279996421,0.282205435,0.284313199,0.286328617,0.288258144,0.290107463,0.291881625,0.293585795,0.295224715,0.296801994,0.298321369,0.299786337,0.301200277
2.72,0.05,0.05,0.05,0.05,0.05,0.05,0.05,0.05,0.05,0.05,0.05,0.05,0.05,0.05,0.05,0.05,0.05,0.05,0.05,0.05,0.05,0.05,0.05,0.05,0.05,0.05,0.05,0.05,0.05,0.05,0.05,0.05,0.05,0.05,0.05,0.05,0.05,0.05,0.05,0.05,0.05,0.05,0.05,0.05,0.05,0.05,0.05,0.050000001,0.050000004,0.050000015,0.050000074,0.05000045,0.050001891,0.050006907,0.05002433,0.050072881,0.050182304,0.050426715,0.051004001,0.052376372,0.055431443,0.061707388,0.073191373,0.089884982,0.109303593,0.128646324,0.14533552,0.160029765,0.173125631,0.184528289,0.194109692,0.202814397,0.210734633,0.21778126,0.224056575,0.229816337,0.235094926,0.239954866,0.244435781,0.248578425,0.252445402,0.256066057,0.25946378,0.262662241,0.265680263,0.268534386,0.27123814,0.273802797,0.276238169,0.278555951,0.280767118,0.282879073,0.284898675,0.286832092,0.288685762,0.290465267,0.29217479,0.29381881,0.295401554,0.296926998
2.76,0.05,0.05,0.05,0.05,0.05,0.05,0.05,0.05,0.05,0.05,0.05,0.05,0.05,0.05,0.05,0.05,0.05,0.05,0.05,0.05,0.05,0.05,0.05,0.05,0.05,0.05,0.05,0.05,0.05,0.05,0.05,0.05,0.05,0.05,0.05,0.05,0.05,0.05,0.05,0.05,0.05,0.05,0.05,0.05,0.05,0.05,0.05,0.05,0.050000001,0.050000002,0.05000001,0.050000069,0.050000307,0.050001188,0.050004468,0.050014063,0.050036145,0.050085964,0.050204757,0.050491745,0.051164586,0.052703468,0.056137202,0.063532008,0.075360387,0.091509527,0.110608967,0.12946397,0.14578128,0.159720621,0.172960598,0.184295846,0.193572367,0.201789944,0.209549758,0.216543576,0.222781887,0.22847359,0.233691998,0.238493941,0.242939929,0.247081437,0.250945516,0.254564461,0.257964483,0.261166704,0.264187971,0.267042761,0.26974412,0.272307749,0.274747052,0.277070504,0.279286584,0.281403037,0.283427988,0.285367951,0.28722786,0.289013159,0.290729043,0.292380183
2.8,0.05,0.05,0.05,0.05,0.05,0.05,0.05,0.05,0.05,0.05,0.05,0.05,0.05,0.05,0.05,0.05,0.05,0.05,0.05,0.05,0.05,0.05,0.05,0.05,0.05,0.05,0.05,0.05,0.05,0.05,0.05,0.05,0.05,0.05,0.05,0.05,0.05,0.05,0.05,0.05,0.05,0.05,0.05,0.05,0.05,0.05,0.05,0.05,0.05,0.05,0.050000001,0.05000001,0.050000049,0.050000201,0.050000805,0.050002661,0.050007028,0.05001701,0.050041071,0.050099368,0.050237283,0.050560271,0.051320052,0.053310895,0.057544675,0.065173753,0.077171827,0.093135326,0.111999658,0.130796353,0.146106699,0.159694293,0.172030386,0.182962239,0.192464562,0.200756179,0.20827542,0.215109466,0.221302647,0.22693052,0.232129407,0.236929028,0.24137336,0.245509948,0.249379886,0.253006001,0.256409768,0.259611352,0.262629411,0.265484302,0.268192394,0.27076351,0.273208444,0.275537212,0.277760148,0.279884749,0.281917001,0.283863629,0.285731109,0.28752491
2.84,0.05,0.05,0.05,0.05,0.05,0.05,0.05,0.05,0.05,0.05,0.05,0.05,0.05,0.05,0.05,0.05,0.05,0.05,0.05,0.05,0.05,0.05,0.05,0.05,0.05,0.05,0.05,0.05,0.05,0.05,0.05,0.05,0.05,0.05,0.05,0.05,0.05,0.05,0.05,0.05,0.05,0.05,0.05,0.05,0.05,0.05,0.05,0.05,0.05,0.05,0.05,0.050000002,0.050000008,0.050000033,0.050000142,0.050000495,0.050001343,0.050003312,0.050008133,0.050019877,0.050047723,0.050113176,0.05026916,0.050711234,0.05176579,0.054002398,0.058352452,0.06622228,0.078100514,0.094039098,0.112755991,0.130632766,0.145805392,0.15885882,0.170758708,0.181623619,0.190965239,0.199204331,0.206669559,0.213488362,0.219654087,0.225290265,0.230474883,0.235273438,0.239729516,0.243878695,0.247751107,0.251374277,0.254774097,0.257978751,0.261007569,0.263871988,0.266586312,0.269163965,0.271618079,0.273957064,0.276188532,0.278320934,0.280362435,0.282319374
2.88,0.05,0.05,0.05,0.05,0.05,0.05,0.05,0.05,0.05,0.05,0.05,0.05,0.05,0.05,0.05,0.05,0.05,0.05,0.05,0.05,0.05,0.05,0.05,0.05,0.05,0.05,0.05,0.05,0.05,0.05,0.05,0.05,0.05,0.05,0.05,0.05,0.05,0.05,0.05,0.05,0.05,0.05,0.05,0.05,0.05,0.05,0.05,0.05,0.05,0.05,0.05,0.05,0.050000001,0.050000005,0.050000025,0.050000091,0.050000252,0.050000635,0.050001589,0.050003938,0.050009532,0.050022701,0.050054208,0.050146971,0.050380113,0.050910697,0.052042929,0.054374041,0.05877477,0.066443764,0.078535053,0.094597975,0.112408636,0.129655685,0.144615564,0.157741433,0.16942387,0.179790399,0.18912155,0.197521169,0.204990997,0.211735531,0.217888472,0.223542514,0.228746652,0.233555302,0.238010687,0.242153722,0.246022313,0.249653835,0.253070473,0.256286621,0.259321951,0.262194936,0.264922072,0.26751247,0.269976471,0.272324857,0.274567953,0.276713005
2.92,0.05,0.05,0.05,0.05,0.05,0.05,0.05,0.05,0.05,0.05,0.05,0.05,0.05,0.05,0.05,0.05,0.05,0.05,0.05,0.05,0.05,0.05,0.05,0.05,0.05,0.05,0.05,0.05,0.05,0.05,0.05,0.05,0.05,0.05,0.05,0.05,0.05,0.05,0.05,0.05,0.05,0.05,0.05,0.05,0.05,0.05,0.05,0.05,0.05,0.05,0.05,0.05,0.05,0.050000001,0.050000004,0.050000016,0.050000047,0.05000012,0.050000306,0.050000772,0.05000189,0.05000453,0.050010868,0.050029961,0.050079567,0.050196798,0.050457546,0.051020517,0.052162569,0.054420224,0.058761524,0.06657139,0.078758472,0.094538196,0.111551432,0.127845298,0.142670586,0.155679305,0.167525929,0.178231205,0.187379131,0.195508314,0.203031794,0.209944606,0.216066309,0.221661435,0.226904985,0.23174473,0.236159389,0.240316903,0.244223461,0.24786859,0.251288347,0.254516507,0.257572175,0.260460153,0.263198462,0.265800809,0.268279986,0.270643931
2.96,0.05,0.05,0.05,0.05,0.05,0.05,0.05,0.05,0.05,0.05,0.05,0.05,0.05,0.05,0.05,0.05,0.05,0.05,0.05,0.05,0.05,0.05,0.05,0.05,0.05,0.05,0.05,0.05,0.05,0.05,0.05,0.05,0.05,0.05,0.05,0.05,0.05,0.05,0.05,0.05,0.05,0.05,0.05,0.05,0.05,0.05,0.05,0.05,0.05,0.05,0.05,0.05,0.05,0.05,0.050000001,0.050000003,0.050000009,0.050000022,0.050000058,0.050000149,0.050000371,0.050000898,0.05000217,0.050006063,0.050016437,0.050041638,0.050099225,0.050226942,0.050490902,0.051030285,0.052139076,0.054385218,0.058790534,0.066536607,0.078409503,0.093640826,0.110361902,0.127224166,0.14175647,0.153861116,0.165778238,0.176671704,0.185722808,0.193510197,0.201114223,0.208159186,0.214142733,0.219601256,0.224944355,0.229819075,0.234249553,0.238414381,0.242327631,0.245995916,0.249435809,0.252684345,0.255751572,0.25865621,0.261413915,0.264035466
3,0.05,0.05,0.05,0.05,0.05,0.05,0.05,0.05,0.05,0.05,0.05,0.05,0.05,0.05,0.05,0.05,0.05,0.05,0.05,0.05,0.05,0.05,0.05,0.05,0.05,0.05,0.05,0.05,0.05,0.05,0.05,0.05,0.05,0.05,0.05,0.05,0.05,0.05,0.05,0.05,0.05,0.05,0.05,0.05,0.05,0.05,0.05,0.05,0.05,0.05,0.05,0.05,0.05,0.05,0.05,0.050000001,0.050000002,0.050000004,0.050000011,0.050000029,0.050000072,0.050000177,0.050000431,0.050001219,0.050003365,0.0500087,0.050021165,0.050049416,0.050108374,0.050229949,0.05048337,0.05101073,0.052120768,0.054407069,0.058989145,0.066709693,0.078083444,0.092016134,0.107906642,0.124499476,0.139110351,0.151295876,0.163214512,0.174491068,0.183917754,0.191493733,0.198916379,0.205918291,0.212080758,0.217645236,0.222869776,0.227712195,0.232218368,0.236419221,0.240352587,0.244035509,0.247500426,0.250770449,0.253863605,0.256791196
3.04,0.05,0.05,0.05,0.05,0.05,0.05,0.05,0.05,0.05,0.05,0.05,0.05,0.05,0.05,0.05,0.05,0.05,0.05,0.05,0.05,0.05,0.05,0.05,0.05,0.05,0.05,0.05,0.05,0.05,0.05,0.05,0.05,0.05,0.05,0.05,0.05,0.05,0.05,0.05,0.05,0.05,0.05,0.05,0.05,0.05,0.05,0.05,0.05,0.05,0.05,0.05,0.05,0.05,0.05,0.05,0.05,0.05,0.050000001,0.050000002,0.050000005,0.050000014,0.050000034,0.050000085,0.050000244,0.050000684,0.0500018,0.050004461,0.050010612,0.050023578,0.050050506,0.050106886,0.050224643,0.050475839,0.051014867,0.052240017,0.054672432,0.059121196,0.066643772,0.077424511,0.091277132,0.107145707,0.1234102,0.137602751,0.149736802,0.161212409,0.172115943,0.180973385,0.188868567,0.196678405,0.203684633,0.209670014,0.215338956,0.220675258,0.225603454,0.230075059,0.234314822,0.238278876,0.241997883,0.245489255,0.248787827
3.08,0.05,0.05,0.05,0.05,0.05,0.05,0.05,0.05,0.05,0.05,0.05,0.05,0.05,0.05,0.05,0.05,0.05,0.05,0.05,0.05,0.05,0.05,0.05,0.05,0.05,0.05,0.05,0.05,0.05,0.05,0.05,0.05,0.05,0.05,0.05,0.05,0.05,0.05,0.05,0.05,0.05,0.05,0.05,0.05,0.05,0.05,0.05,0.05,0.05,0.05,0.05,0.05,0.05,0.05,0.05,0.05,0.05,0.05,0.05,0.050000001,0.050000003,0.050000007,0.050000017,0.050000048,0.050000138,0.050000369,0.050000931,0.050002253,0.050005071,0.050010977,0.050023409,0.050049414,0.050104941,0.050224954,0.050511255,0.051120057,0.052336788,0.054778642,0.059134722,0.066017029,0.076263844,0.089635414,0.104918721,0.120510186,0.134523119,0.146480881,0.15851286,0.169711321,0.17900201,0.186709544,0.194110081,0.200997362,0.207366417,0.213125945,0.218324571,0.223255623,0.22785106,0.232133182,0.23611221,0.23986482
3.12,0.05,0.05,0.05,0.05,0.05,0.05,0.05,0.05,0.05,0.05,0.05,0.05,0.05,0.05,0.05,0.05,0.05,0.05,0.05,0.05,0.05,0.05,0.05,0.05,0.05,0.05,0.05,0.05,0.05,0.05,0.05,0.05,0.05,0.05,0.05,0.05,0.05,0.05,0.05,0.05,0.05,0.05,0.05,0.05,0.05,0.05,0.05,0.05,0.05,0.05,0.05,0.05,0.05,0.05,0.05,0.05,0.05,0.05,0.05,0.05,0.05,0.050000001,0.050000003,0.05000001,0.050000028,0.050000075,0.050000193,0.050000473,0.050001079,0.050002363,0.050005086,0.050010802,0.050023016,0.050049424,0.050113735,0.05025485,0.050548056,0.051176608,0.05242595,0.054624214,0.058469205,0.064933955,0.074718972,0.087684265,0.102769714,0.118398993,0.131893789,0.1439011,0.155644105,0.166505285,0.175407609,0.183723281,0.191500947,0.198580563,0.204629623,0.210502896,0.215929993,0.220923261,0.225481214,0.229810781
3.16,0.05,0.05,0.05,0.05,0.05,0.05,0.05,0.05,0.05,0.05,0.05,0.05,0.05,0.05,0.05,0.05,0.05,0.05,0.05,0.05,0.05,0.05,0.05,0.05,0.05,0.05,0.05,0.05,0.05,0.05,0.05,0.05,0.05,0.05,0.05,0.05,0.05,0.05,0.05,0.05,0.05,0.05,0.05,0.05,0.05,0.05,0.05,0.05,0.05,0.05,0.05,0.05,0.05,0.05,0.05,0.05,0.05,0.05,0.05,0.05,0.05,0.05,0.050000001,0.050000002,0.050000005,0.050000015,0.050000039,0.050000099,0.050000227,0.050000504,0.050001096,0.050002346,0.050005025,0.050010821,0.050025089,0.050056964,0.050124694,0.050274957,0.050588129,0.051160655,0.05221935,0.054180998,0.057780115,0.063821473,0.073013959,0.08525935,0.099743167,0.114697676,0.128316123,0.140484478,0.15261005,0.163396153,0.172667069,0.180732944,0.188608521,0.195636191,0.202015198,0.207854141,0.21331666,0.218349226
3.2,0.05,0.05,0.05,0.05,0.05,0.05,0.05,0.05,0.05,0.05,0.05,0.05,0.05,0.05,0.05,0.05,0.05,0.05,0.05,0.05,0.05,0.05,0.05,0.05,0.05,0.05,0.05,0.05,0.05,0.05,0.05,0.05,0.05,0.05,0.05,0.05,0.05,0.05,0.05,0.05,0.05,0.05,0.05,0.05,0.05,0.05,0.05,0.05,0.05,0.05,0.05,0.05,0.05,0.05,0.05,0.05,0.05,0.05,0.05,0.05,0.05,0.05,0.05,0.05,0.050000001,0.050000003,0.050000008,0.05000002,0.050000048,0.050000106,0.050000234,0.050000506,0.050001091,0.050002361,0.050005509,0.050012629,0.050027994,0.050062914,0.050137797,0.050277029,0.05053886,0.051035485,0.052006871,0.053829851,0.057118648,0.062710321,0.071344469,0.083081942,0.097097615,0.11183931,0.125007883,0.13744302,0.14910055,0.159840286,0.169080453,0.177644508,0.18553874,0.192708263,0.199069614,0.20506071
3.24,0.05,0.05,0.05,0.05,0.05,0.05,0.05,0.05,0.05,0.05,0.05,0.05,0.05,0.05,0.05,0.05,0.05,0.05,0.05,0.05,0.05,0.05,0.05,0.05,0.05,0.05,0.05,0.05,0.05,0.05,0.05,0.05,0.05,0.05,0.05,0.05,0.05,0.05,0.05,0.05,0.05,0.05,0.05,0.05,0.05,0.05,0.05,0.05,0.05,0.05,0.05,0.05,0.05,0.05,0.05,0.05,0.05,0.05,0.05,0.05,0.05,0.05,0.05,0.05,0.05,0.050000001,0.050000002,0.050000004,0.05000001,0.050000022,0.05000005,0.050000108,0.050000235,0.050000512,0.050001205,0.050002784,0.050006234,0.050014225,0.050031749,0.050064732,0.050127317,0.050246781,0.050484281,0.050943612,0.051821138,0.053466252,0.056462518,0.061548369,0.069405282,0.080216244,0.093507115,0.107570839,0.121255324,0.133833924,0.145466143,0.15608813,0.165755213,0.1744412,0.182208742,0.189448543
3.28,0.05,0.05,0.05,0.05,0.05,0.05,0.05,0.05,0.05,0.05,0.05,0.05,0.05,0.05,0.05,0.05,0.05,0.05,0.05,0.05,0.05,0.05,0.05,0.05,0.05,0.05,0.05,0.05,0.05,0.05,0.05,0.05,0.05,0.05,0.05,0.05,0.05,0.05,0.05,0.05,0.05,0.05,0.05,0.05,0.05,0.05,0.05,0.05,0.05,0.05,0.05,0.05,0.05,0.05,0.05,0.05,0.05,0.05,0.05,0.05,0.05,0.05,0.05,0.05,0.05,0.05,0.05,0.050000001,0.050000002,0.050000005,0.05000001,0.050000023,0.05000005,0.050000111,0.050000262,0.050000611,0.050001379,0.050003189,0.050007233,0.05001493,0.050029659,0.050057911,0.050114459,0.050224619,0.050437949,0.050848616,0.051638542,0.053104527,0.055782814,0.060371745,0.06758313,0.077613639,0.09002428,0.103708081,0.11707389,0.129626523,0.141202739,0.151942917,0.162007343,0.17085469
3.32,0.05,0.05,0.05,0.05,0.05,0.05,0.05,0.05,0.05,0.05,0.05,0.05,0.05,0.05,0.05,0.05,0.05,0.05,0.05,0.05,0.05,0.05,0.05,0.05,0.05,0.05,0.05,0.05,0.05,0.05,0.05,0.05,0.05,0.05,0.05,0.05,0.05,0.05,0.05,0.05,0.05,0.05,0.05,0.05,0.05,0.05,0.05,0.05,0.05,0.05,0.05,0.05,0.05,0.05,0.05,0.05,0.05,0.05,0.05,0.05,0.05,0.05,0.05,0.05,0.05,0.05,0.05,0.05,0.05,0.050000001,0.050000002,0.050000005,0.050000011,0.050000024,0.050000057,0.050000133,0.050000304,0.05000071,0.050001633,0.050003408,0.050006836,0.050013451,0.050026783,0.050052855,0.050103519,0.050201647,0.050393129,0.050756595,0.051458096,0.052772942,0.055146377,0.059238832,0.065645514,0.074773516,0.086506778,0.099633286,0.113102466,0.12581618,0.137220761,0.147980924
3.36,0.05,0.05,0.05,0.05,0.05,0.05,0.05,0.05,0.05,0.05,0.05,0.05,0.05,0.05,0.05,0.05,0.05,0.05,0.05,0.05,0.05,0.05,0.05,0.05,0.05,0.05,0.05,0.05,0.05,0.05,0.05,0.05,0.05,0.05,0.05,0.05,0.05,0.05,0.05,0.05,0.05,0.05,0.05,0.05,0.05,0.05,0.05,0.05,0.05,0.05,0.05,0.05,0.05,0.05,0.05,0.05,0.05,0.05,0.05,0.05,0.05,0.05,0.05,0.05,0.05,0.05,0.05,0.05,0.05,0.05,0.05,0.050000001,0.050000002,0.050000005,0.050000012,0.050000029,0.050000066,0.050000157,0.050000366,0.050000771,0.050001561,0.050003096,0.050006216,0.050012348,0.050024298,0.050047492,0.050092925,0.050179547,0.050349131,0.050676049,0.051295138,0.052459373,0.054556304,0.05812298,0.063817472,0.072177157,0.082834754,0.095236444,0.10834102,0.12094258
3.4,0.05,0.05,0.05,0.05,0.05,0.05,0.05,0.05,0.05,0.05,0.05,0.05,0.05,0.05,0.05,0.05,0.05,0.05,0.05,0.05,0.05,0.05,0.05,0.05,0.05,0.05,0.05,0.05,0.05,0.05,0.05,0.05,0.05,0.05,0.05,0.05,0.05,0.05,0.05,0.05,0.05,0.05,0.05,0.05,0.05,0.05,0.05,0.05,0.05,0.05,0.05,0.05,0.05,0.05,0.05,0.05,0.05,0.05,0.05,0.05,0.05,0.05,0.05,0.05,0.05,0.05,0.05,0.05,0.05,0.05,0.05,0.05,0.05,0.050000001,0.050000003,0.050000006,0.050000014,0.050000035,0.050000081,0.050000173,0.050000353,0.050000707,0.050001431,0.050002865,0.050005671,0.050011131,0.050021848,0.050042299,0.050082478,0.050160592,0.050310842,0.050601781,0.051152564,0.052162303,0.053949732,0.057017244,0.062007898,0.069376064,0.079229359,0.091004552
3.44,0.05,0.05,0.05,0.05,0.05,0.05,0.05,0.05,0.05,0.05,0.05,0.05,0.05,0.05,0.05,0.05,0.05,0.05,0.05,0.05,0.05,0.05,0.05,0.05,0.05,0.05,0.05,0.05,0.05,0.05,0.05,0.05,0.05,0.05,0.05,0.05,0.05,0.05,0.05,0.05,0.05,0.05,0.05,0.05,0.05,0.05,0.05,0.05,0.05,0.05,0.05,0.05,0.05,0.05,0.05,0.05,0.05,0.05,0.05,0.05,0.05,0.05,0.05,0.05,0.05,0.05,0.05,0.05,0.05,0.05,0.05,0.05,0.05,0.05,0.050000001,0.050000001,0.050000003,0.050000008,0.050000018,0.050000039,0.050000079,0.05000016,0.050000327,0.05000066,0.050001315,0.050002596,0.050005116,0.050009931,0.050019402,0.05003787,0.050073597,0.050143576,0.050278536,0.050532846,0.05099962,0.051844013,0.05338792,0.056041259,0.060338954,0.066826496
3.48,0.05,0.05,0.05,0.05,0.05,0.05,0.05,0.05,0.05,0.05,0.05,0.05,0.05,0.05,0.05,0.05,0.05,0.05,0.05,0.05,0.05,0.05,0.05,0.05,0.05,0.05,0.05,0.05,0.05,0.05,0.05,0.05,0.05,0.05,0.05,0.05,0.05,0.05,0.05,0.05,0.05,0.05,0.05,0.05,0.05,0.05,0.05,0.05,0.05,0.05,0.05,0.05,0.05,0.05,0.05,0.05,0.05,0.05,0.05,0.05,0.05,0.05,0.05,0.05,0.05,0.05,0.05,0.05,0.05,0.05,0.05,0.05,0.05,0.05,0.05,0.05,0.050000001,0.050000002,0.050000004,0.050000009,0.050000018,0.050000036,0.050000074,0.050000151,0.050000303,0.050000602,0.050001193,0.050002323,0.050004552,0.050008903,0.050017345,0.050033973,0.050066329,0.050128057,0.050243011,0.050454608,0.050857017,0.051592491,0.052895633,0.055130835
3.52,0.05,0.05,0.05,0.05,0.05,0.05,0.05,0.05,0.05,0.05,0.05,0.05,0.05,0.05,0.05,0.05,0.05,0.05,0.05,0.05,0.05,0.05,0.05,0.05,0.05,0.05,0.05,0.05,0.05,0.05,0.05,0.05,0.05,0.05,0.05,0.05,0.05,0.05,0.05,0.05,0.05,0.05,0.05,0.05,0.05,0.05,0.05,0.05,0.05,0.05,0.05,0.05,0.05,0.05,0.05,0.05,0.05,0.05,0.05,0.05,0.05,0.05,0.05,0.05,0.05,0.05,0.05,0.05,0.05,0.05,0.05,0.05,0.05,0.05,0.05,0.05,0.05,0.05,0.050000001,0.050000002,0.050000004,0.050000008,0.050000017,0.050000034,0.050000069,0.050000139,0.050000276,0.050000541,0.050001064,0.050002088,0.050004077,0.050008008,0.050015701,0.050030483,0.050058234,0.050109748,0.050209282,0.050395501,0.050736757,0.051351251
3.56,0.05,0.05,0.05,0.05,0.05,0.05,0.05,0.05,0.05,0.05,0.05,0.05,0.05,0.05,0.05,0.05,0.05,0.05,0.05,0.05,0.05,0.05,0.05,0.05,0.05,0.05,0.05,0.05,0.05,0.05,0.05,0.05,0.05,0.05,0.05,0.05,0.05,0.05,0.05,0.05,0.05,0.05,0.05,0.05,0.05,0.05,0.05,0.05,0.05,0.05,0.05,0.05,0.05,0.05,0.05,0.05,0.05,0.05,0.05,0.05,0.05,0.05,0.05,0.05,0.05,0.05,0.05,0.05,0.05,0.05,0.05,0.05,0.05,0.05,0.05,0.05,0.05,0.05,0.05,0.05,0.050000001,0.050000002,0.050000004,0.050000008,0.050000016,0.050000032,0.050000064,0.050000125,0.050000248,0.050000488,0.050000956,0.050001883,0.050003703,0.05000722,0.050013859,0.050026256,0.050050437,0.05009621,0.050181376,0.050337836
3.6,0.05,0.05,0.05,0.05,0.05,0.05,0.05,0.05,0.05,0.05,0.05,0.05,0.05,0.05,0.05,0.05,0.05,0.05,0.05,0.05,0.05,0.05,0.05,0.05,0.05,0.05,0.05,0.05,0.05,0.05,0.05,0.05,0.05,0.05,0.05,0.05,0.05,0.05,0.05,0.05,0.05,0.05,0.05,0.05,0.05,0.05,0.05,0.05,0.05,0.05,0.05,0.05,0.05,0.05,0.05,0.05,0.05,0.05,0.05,0.05,0.05,0.05,0.05,0.05,0.05,0.05,0.05,0.05,0.05,0.05,0.05,0.05,0.05,0.05,0.05,0.05,0.05,0.05,0.05,0.05,0.05,0.05,0.050000001,0.050000002,0.050000004,0.050000007,0.050000015,0.050000029,0.050000057,0.050000114,0.050000223,0.050000441,0.050000871,0.050001704,0.050003283,0.050006247,0.05001207,0.050023182,0.050044055,0.050082841
3.64,0.05,0.05,0.05,0.05,0.05,0.05,0.05,0.05,0.05,0.05,0.05,0.05,0.05,0.05,0.05,0.05,0.05,0.05,0.05,0.05,0.05,0.05,0.05,0.05,0.05,0.05,0.05,0.05,0.05,0.05,0.05,0.05,0.05,0.05,0.05,0.05,0.05,0.05,0.05,0.05,0.05,0.05,0.05,0.05,0.05,0.05,0.05,0.05,0.05,0.05,0.05,0.05,0.05,0.05,0.05,0.05,0.05,0.05,0.05,0.05,0.05,0.05,0.05,0.05,0.05,0.05,0.05,0.05,0.05,0.05,0.05,0.05,0.05,0.05,0.05,0.05,0.05,0.05,0.05,0.05,0.05,0.05,0.05,0.05,0.050000001,0.050000002,0.050000003,0.050000007,0.050000013,0.050000026,0.050000052,0.050000103,0.050000204,0.050000401,0.050000775,0.05000148,0.050002874,0.050005551,0.050010618,0.050020113
3.68,0.05,0.05,0.05,0.05,0.05,0.05,0.05,0.05,0.05,0.05,0.05,0.05,0.05,0.05,0.05,0.05,0.05,0.05,0.05,0.05,0.05,0.05,0.05,0.05,0.05,0.05,0.05,0.05,0.05,0.05,0.05,0.05,0.05,0.05,0.05,0.05,0.05,0.05,0.05,0.05,0.05,0.05,0.05,0.05,0.05,0.05,0.05,0.05,0.05,0.05,0.05,0.05,0.05,0.05,0.05,0.05,0.05,0.05,0.05,0.05,0.05,0.05,0.05,0.05,0.05,0.05,0.05,0.05,0.05,0.05,0.05,0.05,0.05,0.05,0.05,0.05,0.05,0.05,0.05,0.05,0.05,0.05,0.05,0.05,0.05,0.05,0.050000001,0.050000002,0.050000003,0.050000006,0.050000012,0.050000024,0.050000048,0.050000094,0.050000182,0.050000349,0.050000681,0.050001323,0.050002544,0.05000485
3.72,0.05,0.05,0.05,0.05,0.05,0.05,0.05,0.05,0.05,0.05,0.05,0.05,0.05,0.05,0.05,0.05,0.05,0.05,0.05,0.05,0.05,0.05,0.05,0.05,0.05,0.05,0.05,0.05,0.05,0.05,0.05,0.05,0.05,0.05,0.05,0.05,0.05,0.05,0.05,0.05,0.05,0.05,0.05,0.05,0.05,0.05,0.05,0.05,0.05,0.05,0.05,0.05,0.05,0.05,0.05,0.05,0.05,0.05,0.05,0.05,0.05,0.05,0.05,0.05,0.05,0.05,0.05,0.05,0.05,0.05,0.05,0.05,0.05,0.05,0.05,0.05,0.05,0.05,0.05,0.05,0.05,0.05,0.05,0.05,0.05,0.05,0.05,0.05,0.050000001,0.050000001,0.050000003,0.050000006,0.050000011,0.050000022,0.050000043,0.050000082,0.050000161,0.050000314,0.050000607,0.050001163
3.76,0.05,0.05,0.05,0.05,0.05,0.05,0.05,0.05,0.05,0.05,0.05,0.05,0.05,0.05,0.05,0.05,0.05,0.05,0.05,0.05,0.05,0.05,0.05,0.05,0.05,0.05,0.05,0.05,0.05,0.05,0.05,0.05,0.05,0.05,0.05,0.05,0.05,0.05,0.05,0.05,0.05,0.05,0.05,0.05,0.05,0.05,0.05,0.05,0.05,0.05,0.05,0.05,0.05,0.05,0.05,0.05,0.05,0.05,0.05,0.05,0.05,0.05,0.05,0.05,0.05,0.05,0.05,0.05,0.05,0.05,0.05,0.05,0.05,0.05,0.05,0.05,0.05,0.05,0.05,0.05,0.05,0.05,0.05,0.05,0.05,0.05,0.05,0.05,0.05,0.05,0.050000001,0.050000001,0.050000003,0.050000005,0.05000001,0.050000019,0.050000038,0.050000074,0.050000144,0.050000277
3.8,0.05,0.05,0.05,0.05,0.05,0.05,0.05,0.05,0.05,0.05,0.05,0.05,0.05,0.05,0.05,0.05,0.05,0.05,0.05,0.05,0.05,0.05,0.05,0.05,0.05,0.05,0.05,0.05,0.05,0.05,0.05,0.05,0.05,0.05,0.05,0.05,0.05,0.05,0.05,0.05,0.05,0.05,0.05,0.05,0.05,0.05,0.05,0.05,0.05,0.05,0.05,0.05,0.05,0.05,0.05,0.05,0.05,0.05,0.05,0.05,0.05,0.05,0.05,0.05,0.05,0.05,0.05,0.05,0.05,0.05,0.05,0.05,0.05,0.05,0.05,0.05,0.05,0.05,0.05,0.05,0.05,0.05,0.05,0.05,0.05,0.05,0.05,0.05,0.05,0.05,0.05,0.05,0.050000001,0.050000001,0.050000002,0.050000005,0.050000009,0.050000017,0.050000034,0.050000066
3.84,0.05,0.05,0.05,0.05,0.05,0.05,0.05,0.05,0.05,0.05,0.05,0.05,0.05,0.05,0.05,0.05,0.05,0.05,0.05,0.05,0.05,0.05,0.05,0.05,0.05,0.05,0.05,0.05,0.05,0.05,0.05,0.05,0.05,0.05,0.05,0.05,0.05,0.05,0.05,0.05,0.05,0.05,0.05,0.05,0.05,0.05,0.05,0.05,0.05,0.05,0.05,0.05,0.05,0.05,0.05,0.05,0.05,0.05,0.05,0.05,0.05,0.05,0.05,0.05,0.05,0.05,0.05,0.05,0.05,0.05,0.05,0.05,0.05,0.05,0.05,0.05,0.05,0.05,0.05,0.05,0.05,0.05,0.05,0.05,0.05,0.05,0.05,0.05,0.05,0.05,0.05,0.05,0.05,0.05,0.050000001,0.050000001,0.050000002,0.050000004,0.050000008,0.050000016
3.88,0.05,0.05,0.05,0.05,0.05,0.05,0.05,0.05,0.05,0.05,0.05,0.05,0.05,0.05,0.05,0.05,0.05,0.05,0.05,0.05,0.05,0.05,0.05,0.05,0.05,0.05,0.05,0.05,0.05,0.05,0.05,0.05,0.05,0.05,0.05,0.05,0.05,0.05,0.05,0.05,0.05,0.05,0.05,0.05,0.05,0.05,0.05,0.05,0.05,0.05,0.05,0.05,0.05,0.05,0.05,0.05,0.05,0.05,0.05,0.05,0.05,0.05,0.05,0.05,0.05,0.05,0.05,0.05,0.05,0.05,0.05,0.05,0.05,0.05,0.05,0.05,0.05,0.05,0.05,0.05,0.05,0.05,0.05,0.05,0.05,0.05,0.05,0.05,0.05,0.05,0.05,0.05,0.05,0.05,0.05,0.05,0.05,0.050000001,0.050000002,0.050000004
3.92,0.05,0.05,0.05,0.05,0.05,0.05,0.05,0.05,0.05,0.05,0.05,0.05,0.05,0.05,0.05,0.05,0.05,0.05,0.05,0.05,0.05,0.05,0.05,0.05,0.05,0.05,0.05,0.05,0.05,0.05,0.05,0.05,0.05,0.05,0.05,0.05,0.05,0.05,0.05,0.05,0.05,0.05,0.05,0.05,0.05,0.05,0.05,0.05,0.05,0.05,0.05,0.05,0.05,0.05,0.05,0.05,0.05,0.05,0.05,0.05,0.05,0.05,0.05,0.05,0.05,0.05,0.05,0.05,0.05,0.05,0.05,0.05,0.05,0.05,0.05,0.05,0.05,0.05,0.05,0.05,0.05,0.05,0.05,0.05,0.05,0.05,0.05,0.05,0.05,0.05,0.05,0.05,0.05,0.05,0.05,0.05,0.05,0.05,0.05,0.050000001
3.96,0.05,0.05,0.05,0.05,0.05,0.05,0.05,0.05,0.05,0.05,0.05,0.05,0.05,0.05,0.05,0.05,0.05,0.05,0.05,0.05,0.05,0.05,0.05,0.05,0.05,0.05,0.05,0.05,0.05,0.05,0.05,0.05,0.05,0.05,0.05,0.05,0.05,0.05,0.05,0.05,0.05,0.05,0.05,0.05,0.05,0.05,0.05,0.05,0.05,0.05,0.05,0.05,0.05,0.05,0.05,0.05,0.05,0.05,0.05,0.05,0.05,0.05,0.05,0.05,0.05,0.05,0.05,0.05,0.05,0.05,0.05,0.05,0.05,0.05,0.05,0.05,0.05,0.05,0.05,0.05,0.05,0.05,0.05,0.05,0.05,0.05,0.05,0.05,0.05,0.05,0.05,0.05,0.05,0.05,0.05,0.05,0.05,0.05,0.05,0.05
4,0.05,0.05,0.05,0.05,0.05,0.05,0.05,0.05,0.05,0.05,0.05,0.05,0.05,0.05,0.05,0.05,0.05,0.05,0.05,0.05,0.05,0.05,0.05,0.05,0.05,0.05,0.05,0.05,0.05,0.05,0.05,0.05,0.05,0.05,0.05,0.05,0.05,0.05,0.05,0.05,0.05,0.05,0.05,0.05,0.05,0.05,0.05,0.05,0.05,0.05,0.05,0.05,0.05,0.05,0.05,0.05,0.05,0.05,0.05,0.05,0.05,0.05,0.05,0.05,0.05,0.05,0.05,0.05,0.05,0.05,0.05,0.05,0.05,0.05,0.05,0.05,0.05,0.05,0.05,0.05,0.05,0.05,0.05,0.05,0.05,0.05,0.05,0.05,0.05,0.05,0.05,0.05,0.05,0.05,0.05,0.05,0.05,0.05,0.05,0.05
